departing_flights,Premium economy,12/28/2023,1/16/2024,9:00 AM,5:00 PM,Lufthansa Condor,14 hr,1 stop,4394 kg CO2,Avg emissions,$9741,round trip,Zurich Airport,José Martí international Airport
departing_flights,Premium economy,12/28/2023,1/16/2024,7:00 AM,5:00 PM,SWISS Condor,16 hr,1 stop,4394 kg CO2,Avg emissions,$9788,round trip,Zurich Airport,José Martí international Airport
departing_flights,Premium economy,12/28/2023,1/17/2024,9:00 AM,5:00 PM,Lufthansa Condor,14 hr,1 stop,4394 kg CO2,Avg emissions,$7981,round trip,Zurich Airport,José Martí international Airport
departing_flights,Premium economy,12/28/2023,1/17/2024,7:00 AM,5:00 PM,SWISS Condor,16 hr,1 stop,4394 kg CO2,Avg emissions,$8028,round trip,Zurich Airport,José Martí international Airport
departing_flights,Premium economy,12/28/2023,1/18/2024,9:00 AM,5:00 PM,Lufthansa Condor,14 hr,1 stop,4394 kg CO2,Avg emissions,$7065,round trip,Zurich Airport,José Martí international Airport
departing_flights,Premium economy,12/28/2023,1/18/2024,7:00 AM,5:00 PM,SWISS Condor,16 hr,1 stop,4394 kg CO2,Avg emissions,$7112,round trip,Zurich Airport,José Martí international Airport
departing_flights,Premium economy,12/28/2023,1/18/2024,1:05 PM,6:25 PM,Edelweiss AirSWISS,11 hr 20 min,Nonstop,5059 kg CO2,+19% emissions,$8969,round trip,Zurich Airport,José Martí international Airport
departing_flights,Premium economy,12/29/2023,1/16/2024,6:35 PM,7:45 PM+1,Air EuropaOperated by Air Europa Express,31 hr 10 min,1 stop,3391 kg CO2,-20% emissions,$8199,round trip,Zurich Airport,José Martí international Airport
departing_flights,Premium economy,12/29/2023,1/17/2024,6:35 PM,7:45 PM+1,Air EuropaOperated by Air Europa Express,31 hr 10 min,1 stop,3391 kg CO2,-20% emissions,$7382,round trip,Zurich Airport,José Martí international Airport
departing_flights,Premium economy,12/29/2023,1/17/2024,11:10 AM,7:45 PM+1,Air Europa,38 hr 35 min,1 stop,3385 kg CO2,-20% emissions,$8204,round trip,Zurich Airport,José Martí international Airport
departing_flights,Premium economy,12/29/2023,1/18/2024,6:35 PM,7:45 PM+1,Air EuropaOperated by Air Europa Express,31 hr 10 min,1 stop,3391 kg CO2,-20% emissions,$8199,round trip,Zurich Airport,José Martí international Airport
departing_flights,Premium economy,12/30/2023,1/16/2024,2:25 PM,7:45 PM+1,Turkish Airlines Air Europa,35 hr 20 min,2 stops,5040 kg CO2,+19% emissions,$6336,round trip,Zurich Airport,José Martí international Airport
departing_flights,Premium economy,12/30/2023,1/16/2024,11:10 AM,7:45 PM,Air Europa,14 hr 35 min,1 stop,3385 kg CO2,-20% emissions,$8178,round trip,Zurich Airport,José Martí international Airport
departing_flights,Premium economy,12/30/2023,1/16/2024,6:35 PM,7:45 PM+1,Air EuropaOperated by Air Europa Express,31 hr 10 min,1 stop,3377 kg CO2,-20% emissions,$8199,round trip,Zurich Airport,José Martí international Airport
departing_flights,Premium economy,12/30/2023,1/16/2024,6:50 PM,7:45 PM+1,Turkish Airlines Air Europa,30 hr 55 min,2 stops,4976 kg CO2,+17% emissions,$9833,round trip,Zurich Airport,José Martí international Airport
departing_flights,Premium economy,12/30/2023,1/16/2024,7:30 AM,9:34 PM,Iberia COPA,20 hr 4 min,2 stops,5592 kg CO2,+32% emissions,$10510,round trip,Zurich Airport,José Martí international Airport
departing_flights,Premium economy,12/30/2023,1/16/2024,7:30 AM,12:14 AM+1,Iberia COPA,22 hr 44 min,2 stops,5523 kg CO2,+30% emissions,$10510,round trip,Zurich Airport,José Martí international Airport
best_departing_flights,Premium economy,12/30/2023,1/17/2024,11:10 AM,7:45 PM,Air Europa,14 hr 35 min,1 stop,3385 kg CO2,-20% emissions,$7362,round trip,Zurich Airport,José Martí international Airport
other_departing_flights,Premium economy,12/30/2023,1/17/2024,2:25 PM,7:45 PM+1,Turkish Airlines Air Europa,35 hr 20 min,2 stops,5040 kg CO2,+19% emissions,$6336,round trip,Zurich Airport,José Martí international Airport
other_departing_flights,Premium economy,12/30/2023,1/17/2024,6:35 PM,7:45 PM+1,Air EuropaOperated by Air Europa Express,31 hr 10 min,1 stop,3377 kg CO2,-20% emissions,$7382,round trip,Zurich Airport,José Martí international Airport
other_departing_flights,Premium economy,12/30/2023,1/17/2024,6:50 PM,7:45 PM+1,Turkish Airlines Air Europa,30 hr 55 min,2 stops,4976 kg CO2,+17% emissions,$9833,round trip,Zurich Airport,José Martí international Airport
other_departing_flights,Premium economy,12/30/2023,1/17/2024,7:30 AM,9:34 PM,Iberia COPA,20 hr 4 min,2 stops,5592 kg CO2,+32% emissions,$12283,round trip,Zurich Airport,José Martí international Airport
other_departing_flights,Premium economy,12/30/2023,1/17/2024,7:30 AM,12:14 AM+1,Iberia COPA,22 hr 44 min,2 stops,5523 kg CO2,+30% emissions,$12283,round trip,Zurich Airport,José Martí international Airport
departing_flights,Premium economy,12/30/2023,1/18/2024,11:10 AM,7:45 PM,Air Europa,14 hr 35 min,1 stop,3385 kg CO2,-20% emissions,$8178,round trip,Zurich Airport,José Martí international Airport
departing_flights,Premium economy,12/30/2023,1/18/2024,6:35 PM,7:45 PM+1,Air EuropaOperated by Air Europa Express,31 hr 10 min,1 stop,3377 kg CO2,-20% emissions,$8199,round trip,Zurich Airport,José Martí international Airport
departing_flights,Premium economy,12/31/2023,1/16/2024,11:15 AM,7:15 AM+1,Turkish Airlines,26 hr,1 stop,4845 kg CO2,+14% emissions,$5312,round trip,Zurich Airport,José Martí international Airport
departing_flights,Premium economy,12/31/2023,1/16/2024,2:25 PM,7:15 AM+1,Turkish Airlines,22 hr 50 min,1 stop,4845 kg CO2,+14% emissions,$5312,round trip,Zurich Airport,José Martí international Airport
departing_flights,Premium economy,12/31/2023,1/16/2024,6:50 PM,7:15 AM+1,Turkish Airlines,18 hr 25 min,1 stop,4845 kg CO2,+14% emissions,$5312,round trip,Zurich Airport,José Martí international Airport
departing_flights,Premium economy,12/31/2023,1/16/2024,7:30 AM,9:34 PM,Iberia COPA,20 hr 4 min,2 stops,5522 kg CO2,+30% emissions,$10510,round trip,Zurich Airport,José Martí international Airport
departing_flights,Premium economy,12/31/2023,1/17/2024,11:15 AM,7:15 AM+1,Turkish Airlines,26 hr,1 stop,4845 kg CO2,+14% emissions,$5312,round trip,Zurich Airport,José Martí international Airport
departing_flights,Premium economy,12/31/2023,1/17/2024,2:25 PM,7:15 AM+1,Turkish Airlines,22 hr 50 min,1 stop,4845 kg CO2,+14% emissions,$5312,round trip,Zurich Airport,José Martí international Airport
departing_flights,Premium economy,12/31/2023,1/17/2024,6:50 PM,7:15 AM+1,Turkish Airlines,18 hr 25 min,1 stop,4845 kg CO2,+14% emissions,$5312,round trip,Zurich Airport,José Martí international Airport
departing_flights,Premium economy,12/31/2023,1/17/2024,11:10 AM,7:45 PM,Air Europa,14 hr 35 min,1 stop,3385 kg CO2,-20% emissions,$7362,round trip,Zurich Airport,José Martí international Airport
departing_flights,Premium economy,12/31/2023,1/17/2024,6:35 PM,7:45 PM+1,Air Europa,31 hr 10 min,1 stop,3385 kg CO2,-20% emissions,$7382,round trip,Zurich Airport,José Martí international Airport
departing_flights,Premium economy,12/31/2023,1/17/2024,7:30 AM,9:34 PM,Iberia COPA,20 hr 4 min,2 stops,5522 kg CO2,+30% emissions,$12283,round trip,Zurich Airport,José Martí international Airport
departing_flights,Premium economy,12/31/2023,1/17/2024,7:30 AM,10:15 AM+1,Iberia COPA,32 hr 45 min,2 stops,5474 kg CO2,+29% emissions,$12283,round trip,Zurich Airport,José Martí international Airport
departing_flights,Premium economy,12/31/2023,1/17/2024,7:30 AM,12:12 PM+1,Iberia COPA,34 hr 42 min,2 stops,5522 kg CO2,+30% emissions,$12283,round trip,Zurich Airport,José Martí international Airport
departing_flights,Premium economy,12/31/2023,1/18/2024,11:10 AM,7:45 PM,Air Europa,14 hr 35 min,1 stop,3385 kg CO2,-20% emissions,$8178,round trip,Zurich Airport,José Martí international Airport
departing_flights,Premium economy,12/31/2023,1/18/2024,6:35 PM,7:45 PM+1,Air Europa,31 hr 10 min,1 stop,3385 kg CO2,-20% emissions,$8199,round trip,Zurich Airport,José Martí international Airport
departing_flights,Premium economy,1/1/2024,1/16/2024,6:45 AM,7:15 AM+1,Turkish Airlines,30 hr 30 min,1 stop,4910 kg CO2,+16% emissions,$5289,round trip,Zurich Airport,José Martí international Airport
departing_flights,Premium economy,1/1/2024,1/16/2024,11:05 AM,7:15 AM+1,Turkish Airlines,26 hr 10 min,1 stop,4837 kg CO2,+14% emissions,$5289,round trip,Zurich Airport,José Martí international Airport
departing_flights,Premium economy,1/1/2024,1/16/2024,2:25 PM,7:15 AM+1,Turkish Airlines,22 hr 50 min,1 stop,4845 kg CO2,+14% emissions,$5289,round trip,Zurich Airport,José Martí international Airport
departing_flights,Premium economy,1/1/2024,1/16/2024,6:50 PM,7:15 AM+1,Turkish Airlines,18 hr 25 min,1 stop,4845 kg CO2,+14% emissions,$5289,round trip,Zurich Airport,José Martí international Airport
departing_flights,Premium economy,1/1/2024,1/16/2024,11:10 AM,7:45 PM,Air EuropaOperated by Air Europa Express,14 hr 35 min,1 stop,3377 kg CO2,-20% emissions,$8178,round trip,Zurich Airport,José Martí international Airport
departing_flights,Premium economy,1/1/2024,1/16/2024,11:55 AM,4:35 PM+1,Iberia,34 hr 40 min,1 stop,4088 kg CO2,Avg emissions,$8775,round trip,Zurich Airport,José Martí international Airport
departing_flights,Premium economy,1/1/2024,1/16/2024,7:40 PM,4:35 PM+1,Iberia,26 hr 55 min,1 stop,4088 kg CO2,Avg emissions,$8775,round trip,Zurich Airport,José Martí international Airport
departing_flights,Premium economy,1/1/2024,1/17/2024,6:45 AM,7:15 AM+1,Turkish Airlines,30 hr 30 min,1 stop,4910 kg CO2,+16% emissions,$5289,round trip,Zurich Airport,José Martí international Airport
departing_flights,Premium economy,1/1/2024,1/17/2024,11:05 AM,7:15 AM+1,Turkish Airlines,26 hr 10 min,1 stop,4837 kg CO2,+14% emissions,$5289,round trip,Zurich Airport,José Martí international Airport
departing_flights,Premium economy,1/1/2024,1/17/2024,2:25 PM,7:15 AM+1,Turkish Airlines,22 hr 50 min,1 stop,4845 kg CO2,+14% emissions,$5289,round trip,Zurich Airport,José Martí international Airport
departing_flights,Premium economy,1/1/2024,1/17/2024,6:50 PM,7:15 AM+1,Turkish Airlines,18 hr 25 min,1 stop,4845 kg CO2,+14% emissions,$5289,round trip,Zurich Airport,José Martí international Airport
departing_flights,Premium economy,1/1/2024,1/17/2024,6:45 AM,8:30 PM,Air France,19 hr 45 min,1 stop,4048 kg CO2,Avg emissions,$6925,round trip,Zurich Airport,José Martí international Airport
departing_flights,Premium economy,1/1/2024,1/17/2024,10:40 AM,8:30 PM,Air France,15 hr 50 min,1 stop,4048 kg CO2,Avg emissions,$6925,round trip,Zurich Airport,José Martí international Airport
departing_flights,Premium economy,1/1/2024,1/17/2024,11:10 AM,7:45 PM,Air EuropaOperated by Air Europa Express,14 hr 35 min,1 stop,3377 kg CO2,-20% emissions,$7362,round trip,Zurich Airport,José Martí international Airport
departing_flights,Premium economy,1/1/2024,1/17/2024,11:55 AM,4:35 PM+1,Iberia,34 hr 40 min,1 stop,4088 kg CO2,Avg emissions,$10547,round trip,Zurich Airport,José Martí international Airport
departing_flights,Premium economy,1/1/2024,1/17/2024,7:40 PM,4:35 PM+1,Iberia,26 hr 55 min,1 stop,4088 kg CO2,Avg emissions,$10547,round trip,Zurich Airport,José Martí international Airport
departing_flights,Premium economy,1/1/2024,1/18/2024,11:10 AM,7:45 PM,Air EuropaOperated by Air Europa Express,14 hr 35 min,1 stop,3377 kg CO2,-20% emissions,$8178,round trip,Zurich Airport,José Martí international Airport
departing_flights,Premium economy,12/28/2023,1/16/2024,7:40 AM,5:00 PM,Lufthansa Condor,15 hr 20 min,1 stop,4421 kg CO2,Avg emissions,$9798,round trip,Milan Malpensa Airport,José Martí international Airport
departing_flights,Premium economy,12/28/2023,1/17/2024,7:40 AM,5:00 PM,Lufthansa Condor,15 hr 20 min,1 stop,4421 kg CO2,Avg emissions,$8055,round trip,Milan Malpensa Airport,José Martí international Airport
departing_flights,Premium economy,12/28/2023,1/17/2024,10:45 AM,12:14 AM+1,Air Europa COPA,19 hr 29 min,2 stops,3931 kg CO2,-11% emissions,$9726,round trip,Milan Malpensa Airport,José Martí international Airport
departing_flights,Premium economy,12/28/2023,1/17/2024,10:45 AM,10:22 AM+1,Air Europa COPA,29 hr 37 min,2 stops,3871 kg CO2,-13% emissions,$9726,round trip,Milan Malpensa Airport,José Martí international Airport
departing_flights,Premium economy,12/28/2023,1/18/2024,7:40 AM,5:00 PM,Lufthansa Condor,15 hr 20 min,1 stop,4421 kg CO2,Avg emissions,$7128,round trip,Milan Malpensa Airport,José Martí international Airport
departing_flights,Premium economy,12/28/2023,1/18/2024,7:10 AM,6:25 PM,SWISS Edelweiss AirOperated by Helvetic,17 hr 15 min,1 stop,5196 kg CO2,+17% emissions,$8921,round trip,Milan Malpensa Airport,José Martí international Airport
departing_flights,Premium economy,12/28/2023,1/18/2024,10:40 AM,6:25 PM,SWISS Edelweiss AirOperated by Helvetic,13 hr 45 min,1 stop,5193 kg CO2,+17% emissions,$8921,round trip,Milan Malpensa Airport,José Martí international Airport
departing_flights,Premium economy,12/28/2023,1/18/2024,6:00 AM,6:25 PM,Lufthansa SWISS Edelweiss AirOperated by Air Dolomiti Helvetic,18 hr 25 min,2 stops,5374 kg CO2,+21% emissions,$9272,round trip,Milan Malpensa Airport,José Martí international Airport
departing_flights,Premium economy,12/28/2023,1/18/2024,6:00 AM,6:25 PM,Lufthansa Edelweiss AirSWISSOperated by Air Dolomiti Lufthansa CityLine,18 hr 25 min,2 stops,5362 kg CO2,+21% emissions,$9272,round trip,Milan Malpensa Airport,José Martí international Airport
departing_flights,Premium economy,12/29/2023,1/16/2024,6:15 PM,7:45 PM+1,Air Europa,31 hr 30 min,1 stop,3367 kg CO2,-24% emissions,$8643,round trip,Milan Malpensa Airport,José Martí international Airport
departing_flights,Premium economy,12/29/2023,1/16/2024,10:45 AM,7:45 PM+1,Air Europa,39 hr,1 stop,3367 kg CO2,-24% emissions,$11622,round trip,Milan Malpensa Airport,José Martí international Airport
departing_flights,Premium economy,12/29/2023,1/17/2024,6:15 PM,7:45 PM+1,Air Europa,31 hr 30 min,1 stop,3367 kg CO2,-24% emissions,$7528,round trip,Milan Malpensa Airport,José Martí international Airport
departing_flights,Premium economy,12/29/2023,1/17/2024,10:45 AM,7:45 PM+1,Air Europa,39 hr,1 stop,3367 kg CO2,-24% emissions,$10286,round trip,Milan Malpensa Airport,José Martí international Airport
departing_flights,Premium economy,12/29/2023,1/18/2024,6:15 PM,7:45 PM+1,Air Europa,31 hr 30 min,1 stop,3367 kg CO2,-24% emissions,$8643,round trip,Milan Malpensa Airport,José Martí international Airport
departing_flights,Premium economy,12/29/2023,1/18/2024,10:45 AM,7:45 PM+1,Air Europa,39 hr,1 stop,3367 kg CO2,-24% emissions,$11622,round trip,Milan Malpensa Airport,José Martí international Airport
best_departing_flights,Premium economy,12/30/2023,1/16/2024,10:45 AM,7:45 PM,Air Europa,15 hr,1 stop,3367 kg CO2,-24% emissions,$8623,round trip,Milan Malpensa Airport,José Martí international Airport
other_departing_flights,Premium economy,12/30/2023,1/16/2024,6:15 PM,7:45 PM+1,Air Europa,31 hr 30 min,1 stop,3367 kg CO2,-24% emissions,$7539,round trip,Milan Malpensa Airport,José Martí international Airport
other_departing_flights,Premium economy,12/30/2023,1/16/2024,2:30 PM,7:45 PM+1,Turkish Airlines Air Europa,35 hr 15 min,2 stops,5030 kg CO2,+13% emissions,$7815,round trip,Milan Malpensa Airport,José Martí international Airport
other_departing_flights,Premium economy,12/30/2023,1/16/2024,6:45 PM,7:45 PM+1,Turkish Airlines Air Europa,31 hr,2 stops,5452 kg CO2,+23% emissions,$7815,round trip,Milan Malpensa Airport,José Martí international Airport
other_departing_flights,Premium economy,12/30/2023,1/16/2024,2:30 PM,7:45 PM+1,Turkish Airlines Air Europa,35 hr 15 min,2 stops,4154 kg CO2,-6% emissions,$7835,round trip,Milan Malpensa Airport,José Martí international Airport
other_departing_flights,Premium economy,12/30/2023,1/16/2024,2:30 PM,7:45 PM+1,Turkish Airlines Air Europa,35 hr 15 min,2 stops,4154 kg CO2,-6% emissions,$10104,round trip,Milan Malpensa Airport,José Martí international Airport
other_departing_flights,Premium economy,12/30/2023,1/16/2024,6:45 PM,7:45 PM+1,Turkish Airlines Air Europa,31 hr,2 stops,4576 kg CO2,Avg emissions,$10104,round trip,Milan Malpensa Airport,José Martí international Airport
other_departing_flights,Premium economy,12/30/2023,1/16/2024,2:50 PM,9:34 PM+1,Iberia COPA,36 hr 44 min,2 stops,5513 kg CO2,+24% emissions,$10395,round trip,Milan Malpensa Airport,José Martí international Airport
other_departing_flights,Premium economy,12/30/2023,1/16/2024,2:50 PM,10:15 AM+2,Iberia COPA,49 hr 25 min,2 stops,5464 kg CO2,+23% emissions,$10395,round trip,Milan Malpensa Airport,José Martí international Airport
other_departing_flights,Premium economy,12/30/2023,1/16/2024,7:10 PM,9:34 PM+1,Iberia COPA,32 hr 24 min,2 stops,5513 kg CO2,+24% emissions,$10395,round trip,Milan Malpensa Airport,José Martí international Airport
other_departing_flights,Premium economy,12/30/2023,1/16/2024,7:10 PM,10:15 AM+2,Iberia COPA,45 hr 5 min,2 stops,5464 kg CO2,+23% emissions,$10395,round trip,Milan Malpensa Airport,José Martí international Airport
other_departing_flights,Premium economy,12/30/2023,1/16/2024,7:10 PM,12:12 PM+2,Iberia COPA,47 hr 2 min,2 stops,5513 kg CO2,+24% emissions,$10395,round trip,Milan Malpensa Airport,José Martí international Airport
other_departing_flights,Premium economy,12/30/2023,1/16/2024,7:40 AM,1:30 PM+1,Lufthansa Aeromexico,35 hr 50 min,2 stops,5391 kg CO2,+21% emissions,$15265,round trip,Milan Malpensa Airport,José Martí international Airport
other_departing_flights,Premium economy,12/30/2023,1/16/2024,11:10 AM,1:30 PM+1,Lufthansa Aeromexico,32 hr 20 min,2 stops,5406 kg CO2,+22% emissions,$15265,round trip,Milan Malpensa Airport,José Martí international Airport
best_departing_flights,Premium economy,12/30/2023,1/17/2024,10:45 AM,7:45 PM,Air Europa,15 hr,1 stop,3367 kg CO2,-24% emissions,$7508,round trip,Milan Malpensa Airport,José Martí international Airport
other_departing_flights,Premium economy,12/30/2023,1/17/2024,6:15 PM,7:45 PM+1,Air Europa,31 hr 30 min,1 stop,3367 kg CO2,-24% emissions,$6645,round trip,Milan Malpensa Airport,José Martí international Airport
other_departing_flights,Premium economy,12/30/2023,1/17/2024,2:30 PM,7:45 PM+1,Turkish Airlines Air Europa,35 hr 15 min,2 stops,5030 kg CO2,+13% emissions,$7815,round trip,Milan Malpensa Airport,José Martí international Airport
other_departing_flights,Premium economy,12/30/2023,1/17/2024,6:45 PM,7:45 PM+1,Turkish Airlines Air Europa,31 hr,2 stops,5452 kg CO2,+23% emissions,$7815,round trip,Milan Malpensa Airport,José Martí international Airport
other_departing_flights,Premium economy,12/30/2023,1/17/2024,2:30 PM,7:45 PM+1,Turkish Airlines Air Europa,35 hr 15 min,2 stops,4154 kg CO2,-6% emissions,$7835,round trip,Milan Malpensa Airport,José Martí international Airport
other_departing_flights,Premium economy,12/30/2023,1/17/2024,2:30 PM,7:45 PM+1,Turkish Airlines Air Europa,35 hr 15 min,2 stops,4154 kg CO2,-6% emissions,$10104,round trip,Milan Malpensa Airport,José Martí international Airport
other_departing_flights,Premium economy,12/30/2023,1/17/2024,6:45 PM,7:45 PM+1,Turkish Airlines Air Europa,31 hr,2 stops,4576 kg CO2,Avg emissions,$10104,round trip,Milan Malpensa Airport,José Martí international Airport
other_departing_flights,Premium economy,12/30/2023,1/17/2024,2:50 PM,9:34 PM+1,Iberia COPA,36 hr 44 min,2 stops,5513 kg CO2,+24% emissions,$11854,round trip,Milan Malpensa Airport,José Martí international Airport
other_departing_flights,Premium economy,12/30/2023,1/17/2024,2:50 PM,10:15 AM+2,Iberia COPA,49 hr 25 min,2 stops,5464 kg CO2,+23% emissions,$11854,round trip,Milan Malpensa Airport,José Martí international Airport
other_departing_flights,Premium economy,12/30/2023,1/17/2024,7:10 PM,9:34 PM+1,Iberia COPA,32 hr 24 min,2 stops,5513 kg CO2,+24% emissions,$11854,round trip,Milan Malpensa Airport,José Martí international Airport
other_departing_flights,Premium economy,12/30/2023,1/17/2024,7:10 PM,10:15 AM+2,Iberia COPA,45 hr 5 min,2 stops,5464 kg CO2,+23% emissions,$11854,round trip,Milan Malpensa Airport,José Martí international Airport
other_departing_flights,Premium economy,12/30/2023,1/17/2024,7:10 PM,12:12 PM+2,Iberia COPA,47 hr 2 min,2 stops,5513 kg CO2,+24% emissions,$11854,round trip,Milan Malpensa Airport,José Martí international Airport
other_departing_flights,Premium economy,12/30/2023,1/17/2024,7:40 AM,1:30 PM+1,Lufthansa Aeromexico,35 hr 50 min,2 stops,5391 kg CO2,+21% emissions,$15265,round trip,Milan Malpensa Airport,José Martí international Airport
other_departing_flights,Premium economy,12/30/2023,1/17/2024,11:10 AM,1:30 PM+1,Lufthansa Aeromexico,32 hr 20 min,2 stops,5406 kg CO2,+22% emissions,$15265,round trip,Milan Malpensa Airport,José Martí international Airport
departing_flights,Premium economy,12/30/2023,1/18/2024,6:15 PM,7:45 PM+1,Air Europa,31 hr 30 min,1 stop,3367 kg CO2,-24% emissions,$7539,round trip,Milan Malpensa Airport,José Martí international Airport
departing_flights,Premium economy,12/30/2023,1/18/2024,10:45 AM,7:45 PM,Air Europa,15 hr,1 stop,3367 kg CO2,-24% emissions,$8623,round trip,Milan Malpensa Airport,José Martí international Airport
departing_flights,Premium economy,12/30/2023,1/18/2024,7:40 AM,1:30 PM+1,Lufthansa Aeromexico,35 hr 50 min,2 stops,5391 kg CO2,+21% emissions,$10494,round trip,Milan Malpensa Airport,José Martí international Airport
departing_flights,Premium economy,12/30/2023,1/18/2024,11:10 AM,1:30 PM+1,Lufthansa Aeromexico,32 hr 20 min,2 stops,5406 kg CO2,+22% emissions,$10494,round trip,Milan Malpensa Airport,José Martí international Airport
departing_flights,Premium economy,12/31/2023,1/16/2024,7:00 AM,7:15 AM+1,Turkish Airlines,30 hr 15 min,1 stop,4899 kg CO2,+10% emissions,$5496,round trip,Milan Malpensa Airport,José Martí international Airport
departing_flights,Premium economy,12/31/2023,1/16/2024,10:35 AM,7:15 AM+1,Turkish Airlines,26 hr 40 min,1 stop,4831 kg CO2,+9% emissions,$5496,round trip,Milan Malpensa Airport,José Martí international Airport
departing_flights,Premium economy,12/31/2023,1/16/2024,2:30 PM,7:15 AM+1,Turkish Airlines,22 hr 45 min,1 stop,4836 kg CO2,+9% emissions,$5496,round trip,Milan Malpensa Airport,José Martí international Airport
departing_flights,Premium economy,12/31/2023,1/16/2024,6:10 PM,7:15 AM+1,Turkish Airlines,19 hr 5 min,1 stop,5390 kg CO2,+21% emissions,$5496,round trip,Milan Malpensa Airport,José Martí international Airport
departing_flights,Premium economy,12/31/2023,1/16/2024,10:45 AM,7:45 PM,Air Europa,15 hr,1 stop,3367 kg CO2,-24% emissions,$7519,round trip,Milan Malpensa Airport,José Martí international Airport
departing_flights,Premium economy,12/31/2023,1/16/2024,6:15 PM,7:45 PM+1,Air Europa,31 hr 30 min,1 stop,3367 kg CO2,-24% emissions,$7539,round trip,Milan Malpensa Airport,José Martí international Airport
departing_flights,Premium economy,12/31/2023,1/16/2024,6:10 PM,7:45 PM+1,Turkish Airlines Air Europa,31 hr 35 min,2 stops,4645 kg CO2,Avg emissions,$7815,round trip,Milan Malpensa Airport,José Martí international Airport
departing_flights,Premium economy,12/31/2023,1/16/2024,6:10 PM,7:45 PM+1,Turkish Airlines Air Europa,31 hr 35 min,2 stops,4551 kg CO2,Avg emissions,$8393,round trip,Milan Malpensa Airport,José Martí international Airport
best_departing_flights,Premium economy,12/31/2023,1/17/2024,6:10 PM,7:15 AM+1,Turkish Airlines,19 hr 5 min,1 stop,5390 kg CO2,+21% emissions,$5496,round trip,Milan Malpensa Airport,José Martí international Airport
best_departing_flights,Premium economy,12/31/2023,1/17/2024,10:45 AM,7:45 PM,Air Europa,15 hr,1 stop,3367 kg CO2,-24% emissions,$6625,round trip,Milan Malpensa Airport,José Martí international Airport
other_departing_flights,Premium economy,12/31/2023,1/17/2024,7:00 AM,7:15 AM+1,Turkish Airlines,30 hr 15 min,1 stop,4899 kg CO2,+10% emissions,$5496,round trip,Milan Malpensa Airport,José Martí international Airport
other_departing_flights,Premium economy,12/31/2023,1/17/2024,10:35 AM,7:15 AM+1,Turkish Airlines,26 hr 40 min,1 stop,4831 kg CO2,+9% emissions,$5496,round trip,Milan Malpensa Airport,José Martí international Airport
other_departing_flights,Premium economy,12/31/2023,1/17/2024,2:30 PM,7:15 AM+1,Turkish Airlines,22 hr 45 min,1 stop,4836 kg CO2,+9% emissions,$5496,round trip,Milan Malpensa Airport,José Martí international Airport
other_departing_flights,Premium economy,12/31/2023,1/17/2024,6:15 PM,7:45 PM+1,Air Europa,31 hr 30 min,1 stop,3367 kg CO2,-24% emissions,$6645,round trip,Milan Malpensa Airport,José Martí international Airport
other_departing_flights,Premium economy,12/31/2023,1/17/2024,4:55 PM,8:30 PM+1,KLM Air FranceOperated by KLM Cityhopper,33 hr 35 min,2 stops,4199 kg CO2,Avg emissions,$6707,round trip,Milan Malpensa Airport,José Martí international Airport
other_departing_flights,Premium economy,12/31/2023,1/17/2024,4:55 PM,8:30 PM+1,KLM Air FranceOperated by KLM Cityhopper,33 hr 35 min,2 stops,4199 kg CO2,Avg emissions,$6707,round trip,Milan Malpensa Airport,José Martí international Airport
other_departing_flights,Premium economy,12/31/2023,1/17/2024,4:55 PM,8:30 PM+1,KLM Air FranceOperated by KLM Cityhopper,33 hr 35 min,2 stops,4227 kg CO2,Avg emissions,$6707,round trip,Milan Malpensa Airport,José Martí international Airport
other_departing_flights,Premium economy,12/31/2023,1/17/2024,6:10 PM,7:45 PM+1,Turkish Airlines Air Europa,31 hr 35 min,2 stops,4645 kg CO2,Avg emissions,$7815,round trip,Milan Malpensa Airport,José Martí international Airport
other_departing_flights,Premium economy,12/31/2023,1/17/2024,6:10 PM,7:45 PM+1,Turkish Airlines Air Europa,31 hr 35 min,2 stops,4551 kg CO2,Avg emissions,$8393,round trip,Milan Malpensa Airport,José Martí international Airport
departing_flights,Premium economy,12/31/2023,1/18/2024,10:45 AM,7:45 PM,Air Europa,15 hr,1 stop,3367 kg CO2,-24% emissions,$7519,round trip,Milan Malpensa Airport,José Martí international Airport
departing_flights,Premium economy,12/31/2023,1/18/2024,6:15 PM,7:45 PM+1,Air Europa,31 hr 30 min,1 stop,3367 kg CO2,-24% emissions,$7539,round trip,Milan Malpensa Airport,José Martí international Airport
best_departing_flights,Premium economy,1/1/2024,1/16/2024,10:35 AM,7:15 AM+1,Turkish Airlines,26 hr 40 min,1 stop,4899 kg CO2,+10% emissions,$5496,round trip,Milan Malpensa Airport,José Martí international Airport
best_departing_flights,Premium economy,1/1/2024,1/16/2024,2:30 PM,7:15 AM+1,Turkish Airlines,22 hr 45 min,1 stop,4899 kg CO2,+10% emissions,$6074,round trip,Milan Malpensa Airport,José Martí international Airport
best_departing_flights,Premium economy,1/1/2024,1/16/2024,10:45 AM,7:45 PM,Air Europa,15 hr,1 stop,3367 kg CO2,-24% emissions,$7519,round trip,Milan Malpensa Airport,José Martí international Airport
other_departing_flights,Premium economy,1/1/2024,1/16/2024,7:00 AM,7:15 AM+1,Turkish Airlines,30 hr 15 min,1 stop,4899 kg CO2,+10% emissions,$5496,round trip,Milan Malpensa Airport,José Martí international Airport
other_departing_flights,Premium economy,1/1/2024,1/16/2024,6:10 PM,7:15 AM+1,Turkish Airlines,19 hr 5 min,1 stop,4899 kg CO2,+10% emissions,$7784,round trip,Milan Malpensa Airport,José Martí international Airport
other_departing_flights,Premium economy,1/1/2024,1/16/2024,9:20 AM,7:05 PM,Lufthansa Condor,15 hr 45 min,1 stop,4424 kg CO2,Avg emissions,$8033,round trip,Milan Malpensa Airport,José Martí international Airport
other_departing_flights,Premium economy,1/1/2024,1/16/2024,11:10 AM,7:05 PM,Lufthansa CondorOperated by Lufthansa CityLine,13 hr 55 min,1 stop,4452 kg CO2,Avg emissions,$8033,round trip,Milan Malpensa Airport,José Martí international Airport
other_departing_flights,Premium economy,1/1/2024,1/16/2024,2:50 PM,4:35 PM+1,Iberia,31 hr 45 min,1 stop,4078 kg CO2,-8% emissions,$8682,round trip,Milan Malpensa Airport,José Martí international Airport
other_departing_flights,Premium economy,1/1/2024,1/16/2024,7:10 PM,4:35 PM+1,Iberia,27 hr 25 min,1 stop,4125 kg CO2,-7% emissions,$8682,round trip,Milan Malpensa Airport,José Martí international Airport
best_departing_flights,Premium economy,1/1/2024,1/17/2024,10:45 AM,7:45 PM,Air Europa,15 hr,1 stop,3367 kg CO2,-24% emissions,$6625,round trip,Milan Malpensa Airport,José Martí international Airport
best_departing_flights,Premium economy,1/1/2024,1/17/2024,12:20 PM,8:30 PM,Air France,14 hr 10 min,1 stop,4074 kg CO2,-8% emissions,$6644,round trip,Milan Malpensa Airport,José Martí international Airport
other_departing_flights,Premium economy,1/1/2024,1/17/2024,7:00 AM,7:15 AM+1,Turkish Airlines,30 hr 15 min,1 stop,4899 kg CO2,+10% emissions,$5496,round trip,Milan Malpensa Airport,José Martí international Airport
other_departing_flights,Premium economy,1/1/2024,1/17/2024,10:35 AM,7:15 AM+1,Turkish Airlines,26 hr 40 min,1 stop,4899 kg CO2,+10% emissions,$5496,round trip,Milan Malpensa Airport,José Martí international Airport
other_departing_flights,Premium economy,1/1/2024,1/17/2024,2:30 PM,7:15 AM+1,Turkish Airlines,22 hr 45 min,1 stop,4899 kg CO2,+10% emissions,$6074,round trip,Milan Malpensa Airport,José Martí international Airport
other_departing_flights,Premium economy,1/1/2024,1/17/2024,9:20 AM,7:05 PM,Lufthansa Condor,15 hr 45 min,1 stop,4424 kg CO2,Avg emissions,$6289,round trip,Milan Malpensa Airport,José Martí international Airport
other_departing_flights,Premium economy,1/1/2024,1/17/2024,11:10 AM,7:05 PM,Lufthansa CondorOperated by Lufthansa CityLine,13 hr 55 min,1 stop,4452 kg CO2,Avg emissions,$6289,round trip,Milan Malpensa Airport,José Martí international Airport
other_departing_flights,Premium economy,1/1/2024,1/17/2024,11:30 AM,8:30 PM,Air France,15 hr,1 stop,4031 kg CO2,-9% emissions,$6644,round trip,Milan Malpensa Airport,José Martí international Airport
other_departing_flights,Premium economy,1/1/2024,1/17/2024,6:10 PM,7:15 AM+1,Turkish Airlines,19 hr 5 min,1 stop,4899 kg CO2,+10% emissions,$7784,round trip,Milan Malpensa Airport,José Martí international Airport
other_departing_flights,Premium economy,1/1/2024,1/17/2024,10:45 AM,12:29 AM+1,Air Europa COPA,19 hr 44 min,2 stops,3931 kg CO2,-11% emissions,$8623,round trip,Milan Malpensa Airport,José Martí international Airport
other_departing_flights,Premium economy,1/1/2024,1/17/2024,10:45 AM,10:15 AM+1,Air Europa COPA,29 hr 30 min,2 stops,3931 kg CO2,-11% emissions,$8623,round trip,Milan Malpensa Airport,José Martí international Airport
other_departing_flights,Premium economy,1/1/2024,1/17/2024,10:45 AM,12:12 PM+1,Air Europa COPA,31 hr 27 min,2 stops,3931 kg CO2,-11% emissions,$8623,round trip,Milan Malpensa Airport,José Martí international Airport
other_departing_flights,Premium economy,1/1/2024,1/17/2024,2:50 PM,4:35 PM+1,Iberia,31 hr 45 min,1 stop,4078 kg CO2,-8% emissions,$10141,round trip,Milan Malpensa Airport,José Martí international Airport
other_departing_flights,Premium economy,1/1/2024,1/17/2024,7:10 PM,4:35 PM+1,Iberia,27 hr 25 min,1 stop,4125 kg CO2,-7% emissions,$10141,round trip,Milan Malpensa Airport,José Martí international Airport
departing_flights,Premium economy,1/1/2024,1/18/2024,9:20 AM,7:05 PM,Lufthansa Condor,15 hr 45 min,1 stop,4424 kg CO2,Avg emissions,$5363,round trip,Milan Malpensa Airport,José Martí international Airport
departing_flights,Premium economy,1/1/2024,1/18/2024,11:10 AM,7:05 PM,Lufthansa CondorOperated by Lufthansa CityLine,13 hr 55 min,1 stop,4452 kg CO2,Avg emissions,$5363,round trip,Milan Malpensa Airport,José Martí international Airport
departing_flights,Premium economy,1/1/2024,1/18/2024,10:45 AM,7:45 PM,Air Europa,15 hr,1 stop,3367 kg CO2,-24% emissions,$7519,round trip,Milan Malpensa Airport,José Martí international Airport
best_departing_flights,Premium economy,12/28/2023,1/16/2024,12:05 PM,4:35 PM,Iberia,10 hr 30 min,Nonstop,4473 kg CO2,Avg emissions,$11791,round trip,Adolfo Suárez Madrid–Barajas Airport,José Martí international Airport
other_departing_flights,Premium economy,12/28/2023,1/16/2024,9:00 AM,1:30 PM+1,AeromexicoOperated by Aerolitoral DBA Aeromexico Connect,34 hr 30 min,2 stops,4671 kg CO2,Avg emissions,$5666,round trip,Adolfo Suárez Madrid–Barajas Airport,José Martí international Airport
other_departing_flights,Premium economy,12/28/2023,1/16/2024,9:00 AM,1:30 PM+1,Aeromexico,34 hr 30 min,2 stops,4580 kg CO2,Avg emissions,$5666,round trip,Adolfo Suárez Madrid–Barajas Airport,José Martí international Airport
other_departing_flights,Premium economy,12/28/2023,1/16/2024,9:00 AM,1:30 PM+2,Aeromexico,58 hr 30 min,2 stops,4616 kg CO2,Avg emissions,$5666,round trip,Adolfo Suárez Madrid–Barajas Airport,José Martí international Airport
other_departing_flights,Premium economy,12/28/2023,1/16/2024,9:00 AM,1:30 PM+1,Aeromexico,34 hr 30 min,2 stops,4616 kg CO2,Avg emissions,$6107,round trip,Adolfo Suárez Madrid–Barajas Airport,José Martí international Airport
other_departing_flights,Premium economy,12/28/2023,1/16/2024,9:00 AM,1:30 PM+1,Aeromexico,34 hr 30 min,2 stops,4580 kg CO2,Avg emissions,$6107,round trip,Adolfo Suárez Madrid–Barajas Airport,José Martí international Airport
other_departing_flights,Premium economy,12/28/2023,1/16/2024,9:00 AM,1:30 PM+1,Aeromexico,34 hr 30 min,2 stops,4616 kg CO2,Avg emissions,$6107,round trip,Adolfo Suárez Madrid–Barajas Airport,José Martí international Airport
other_departing_flights,Premium economy,12/28/2023,1/16/2024,9:00 AM,1:30 PM+1,Aeromexico,34 hr 30 min,2 stops,4580 kg CO2,Avg emissions,$6107,round trip,Adolfo Suárez Madrid–Barajas Airport,José Martí international Airport
other_departing_flights,Premium economy,12/28/2023,1/16/2024,9:00 AM,1:30 PM+1,Aeromexico,34 hr 30 min,2 stops,4612 kg CO2,Avg emissions,$6107,round trip,Adolfo Suárez Madrid–Barajas Airport,José Martí international Airport
other_departing_flights,Premium economy,12/28/2023,1/16/2024,1:30 PM,1:30 PM+1,Aeromexico,30 hr,2 stops,4867 kg CO2,+6% emissions,$6107,round trip,Adolfo Suárez Madrid–Barajas Airport,José Martí international Airport
other_departing_flights,Premium economy,12/28/2023,1/16/2024,9:00 AM,1:30 PM+2,Aeromexico,58 hr 30 min,2 stops,4580 kg CO2,Avg emissions,$7101,round trip,Adolfo Suárez Madrid–Barajas Airport,José Martí international Airport
other_departing_flights,Premium economy,12/28/2023,1/16/2024,6:10 AM,5:00 PM,Lufthansa Condor,16 hr 50 min,1 stop,4489 kg CO2,Avg emissions,$10085,round trip,Adolfo Suárez Madrid–Barajas Airport,José Martí international Airport
other_departing_flights,Premium economy,12/28/2023,1/16/2024,10:55 AM,1:30 PM+1,Aeromexico,32 hr 35 min,1 stop,4578 kg CO2,Avg emissions,$16821,round trip,Adolfo Suárez Madrid–Barajas Airport,José Martí international Airport
other_departing_flights,Premium economy,12/28/2023,1/16/2024,1:30 PM,1:30 PM+1,Aeromexico,30 hr,2 stops,4867 kg CO2,+6% emissions,$16821,round trip,Adolfo Suárez Madrid–Barajas Airport,José Martí international Airport
other_departing_flights,Premium economy,12/28/2023,1/16/2024,1:30 PM,1:30 PM+1,Aeromexico,30 hr,2 stops,4867 kg CO2,+6% emissions,$16821,round trip,Adolfo Suárez Madrid–Barajas Airport,José Martí international Airport
other_departing_flights,Premium economy,12/28/2023,1/16/2024,11:45 PM,1:30 PM+1,Aeromexico,19 hr 45 min,1 stop,4578 kg CO2,Avg emissions,$16821,round trip,Adolfo Suárez Madrid–Barajas Airport,José Martí international Airport
best_departing_flights,Premium economy,12/28/2023,1/17/2024,4:40 PM,12:42 PM+1,Air Europa COPA,26 hr 2 min,2 stops,3650 kg CO2,-20% emissions,$7276,round trip,Adolfo Suárez Madrid–Barajas Airport,José Martí international Airport
best_departing_flights,Premium economy,12/28/2023,1/17/2024,3:10 PM,12:14 AM+1,Air Europa COPA,15 hr 4 min,1 stop,3680 kg CO2,-20% emissions,$10798,round trip,Adolfo Suárez Madrid–Barajas Airport,José Martí international Airport
other_departing_flights,Premium economy,12/28/2023,1/17/2024,9:00 AM,1:30 PM+1,AeromexicoOperated by Aerolitoral DBA Aeromexico Connect,34 hr 30 min,2 stops,4671 kg CO2,Avg emissions,$5666,round trip,Adolfo Suárez Madrid–Barajas Airport,José Martí international Airport
other_departing_flights,Premium economy,12/28/2023,1/17/2024,9:00 AM,1:30 PM+1,Aeromexico,34 hr 30 min,2 stops,4580 kg CO2,Avg emissions,$5666,round trip,Adolfo Suárez Madrid–Barajas Airport,José Martí international Airport
other_departing_flights,Premium economy,12/28/2023,1/17/2024,9:00 AM,1:30 PM+2,Aeromexico,58 hr 30 min,2 stops,4616 kg CO2,Avg emissions,$5666,round trip,Adolfo Suárez Madrid–Barajas Airport,José Martí international Airport
other_departing_flights,Premium economy,12/28/2023,1/17/2024,9:00 AM,1:30 PM+1,Aeromexico,34 hr 30 min,2 stops,4616 kg CO2,Avg emissions,$6107,round trip,Adolfo Suárez Madrid–Barajas Airport,José Martí international Airport
other_departing_flights,Premium economy,12/28/2023,1/17/2024,9:00 AM,1:30 PM+1,Aeromexico,34 hr 30 min,2 stops,4580 kg CO2,Avg emissions,$6107,round trip,Adolfo Suárez Madrid–Barajas Airport,José Martí international Airport
other_departing_flights,Premium economy,12/28/2023,1/17/2024,9:00 AM,1:30 PM+1,Aeromexico,34 hr 30 min,2 stops,4616 kg CO2,Avg emissions,$6107,round trip,Adolfo Suárez Madrid–Barajas Airport,José Martí international Airport
other_departing_flights,Premium economy,12/28/2023,1/17/2024,9:00 AM,1:30 PM+1,Aeromexico,34 hr 30 min,2 stops,4580 kg CO2,Avg emissions,$6107,round trip,Adolfo Suárez Madrid–Barajas Airport,José Martí international Airport
other_departing_flights,Premium economy,12/28/2023,1/17/2024,9:00 AM,1:30 PM+1,Aeromexico,34 hr 30 min,2 stops,4612 kg CO2,Avg emissions,$6107,round trip,Adolfo Suárez Madrid–Barajas Airport,José Martí international Airport
other_departing_flights,Premium economy,12/28/2023,1/17/2024,1:30 PM,1:30 PM+1,Aeromexico,30 hr,2 stops,4867 kg CO2,+6% emissions,$6107,round trip,Adolfo Suárez Madrid–Barajas Airport,José Martí international Airport
other_departing_flights,Premium economy,12/28/2023,1/17/2024,9:00 AM,1:30 PM+2,Aeromexico,58 hr 30 min,2 stops,4580 kg CO2,Avg emissions,$7101,round trip,Adolfo Suárez Madrid–Barajas Airport,José Martí international Airport
other_departing_flights,Premium economy,12/28/2023,1/17/2024,6:10 AM,5:00 PM,Lufthansa Condor,16 hr 50 min,1 stop,4489 kg CO2,Avg emissions,$8342,round trip,Adolfo Suárez Madrid–Barajas Airport,José Martí international Airport
other_departing_flights,Premium economy,12/28/2023,1/17/2024,3:15 PM,10:22 AM+1,Air Europa COPA,25 hr 7 min,2 stops,4192 kg CO2,-8% emissions,$10417,round trip,Adolfo Suárez Madrid–Barajas Airport,José Martí international Airport
other_departing_flights,Premium economy,12/28/2023,1/17/2024,3:15 PM,12:42 PM+1,Air Europa COPA,27 hr 27 min,2 stops,4252 kg CO2,-7% emissions,$10417,round trip,Adolfo Suárez Madrid–Barajas Airport,José Martí international Airport
other_departing_flights,Premium economy,12/28/2023,1/17/2024,3:15 PM,12:42 PM+1,Air Europa COPA,27 hr 27 min,2 stops,4294 kg CO2,-6% emissions,$10417,round trip,Adolfo Suárez Madrid–Barajas Airport,José Martí international Airport
other_departing_flights,Premium economy,12/28/2023,1/17/2024,3:15 PM,12:42 PM+1,Air Europa COPA,27 hr 27 min,2 stops,4294 kg CO2,-6% emissions,$10417,round trip,Adolfo Suárez Madrid–Barajas Airport,José Martí international Airport
other_departing_flights,Premium economy,12/28/2023,1/17/2024,3:10 PM,10:22 AM+1,Air Europa COPA,25 hr 12 min,1 stop,3620 kg CO2,-21% emissions,$10798,round trip,Adolfo Suárez Madrid–Barajas Airport,José Martí international Airport
other_departing_flights,Premium economy,12/28/2023,1/17/2024,3:10 PM,12:42 PM+1,Air Europa COPA,27 hr 32 min,1 stop,3680 kg CO2,-20% emissions,$10798,round trip,Adolfo Suárez Madrid–Barajas Airport,José Martí international Airport
other_departing_flights,Premium economy,12/28/2023,1/17/2024,12:05 PM,4:35 PM,Iberia,10 hr 30 min,Nonstop,4473 kg CO2,Avg emissions,$14940,round trip,Adolfo Suárez Madrid–Barajas Airport,José Martí international Airport
other_departing_flights,Premium economy,12/28/2023,1/17/2024,10:55 AM,1:30 PM+1,Aeromexico,32 hr 35 min,1 stop,4578 kg CO2,Avg emissions,$16821,round trip,Adolfo Suárez Madrid–Barajas Airport,José Martí international Airport
other_departing_flights,Premium economy,12/28/2023,1/17/2024,1:30 PM,1:30 PM+1,Aeromexico,30 hr,2 stops,4867 kg CO2,+6% emissions,$16821,round trip,Adolfo Suárez Madrid–Barajas Airport,José Martí international Airport
other_departing_flights,Premium economy,12/28/2023,1/17/2024,1:30 PM,1:30 PM+1,Aeromexico,30 hr,2 stops,4867 kg CO2,+6% emissions,$16821,round trip,Adolfo Suárez Madrid–Barajas Airport,José Martí international Airport
other_departing_flights,Premium economy,12/28/2023,1/17/2024,11:45 PM,1:30 PM+1,Aeromexico,19 hr 45 min,1 stop,4578 kg CO2,Avg emissions,$16821,round trip,Adolfo Suárez Madrid–Barajas Airport,José Martí international Airport
best_departing_flights,Premium economy,12/28/2023,1/18/2024,6:10 AM,5:00 PM,Lufthansa Condor,16 hr 50 min,1 stop,4489 kg CO2,Avg emissions,$7415,round trip,Adolfo Suárez Madrid–Barajas Airport,José Martí international Airport
best_departing_flights,Premium economy,12/28/2023,1/18/2024,10:05 AM,6:25 PM,SWISS Edelweiss Air,14 hr 20 min,1 stop,5296 kg CO2,+16% emissions,$8832,round trip,Adolfo Suárez Madrid–Barajas Airport,José Martí international Airport
other_departing_flights,Premium economy,12/28/2023,1/18/2024,1:30 PM,1:30 PM+1,Aeromexico,30 hr,2 stops,4867 kg CO2,+6% emissions,$6107,round trip,Adolfo Suárez Madrid–Barajas Airport,José Martí international Airport
other_departing_flights,Premium economy,12/28/2023,1/18/2024,5:50 AM,6:25 PM,ITA SWISS Edelweiss Air,18 hr 35 min,2 stops,5504 kg CO2,+20% emissions,$10208,round trip,Adolfo Suárez Madrid–Barajas Airport,José Martí international Airport
other_departing_flights,Premium economy,12/28/2023,1/18/2024,6:25 AM,6:25 PM,Brussels Airlines SWISS Edelweiss Air,18 hr,2 stops,5525 kg CO2,+21% emissions,$10211,round trip,Adolfo Suárez Madrid–Barajas Airport,José Martí international Airport
other_departing_flights,Premium economy,12/28/2023,1/18/2024,6:10 AM,6:25 PM,Lufthansa Edelweiss AirSWISSOperated by Lufthansa CityLine,18 hr 15 min,2 stops,5489 kg CO2,+20% emissions,$10212,round trip,Adolfo Suárez Madrid–Barajas Airport,José Martí international Airport
other_departing_flights,Premium economy,12/28/2023,1/18/2024,12:05 PM,4:35 PM,Iberia,10 hr 30 min,Nonstop,4473 kg CO2,Avg emissions,$15048,round trip,Adolfo Suárez Madrid–Barajas Airport,José Martí international Airport
other_departing_flights,Premium economy,12/28/2023,1/18/2024,10:55 AM,1:30 PM+1,Aeromexico,32 hr 35 min,1 stop,4578 kg CO2,Avg emissions,$16821,round trip,Adolfo Suárez Madrid–Barajas Airport,José Martí international Airport
other_departing_flights,Premium economy,12/28/2023,1/18/2024,1:30 PM,1:30 PM+1,Aeromexico,30 hr,2 stops,4867 kg CO2,+6% emissions,$16821,round trip,Adolfo Suárez Madrid–Barajas Airport,José Martí international Airport
other_departing_flights,Premium economy,12/28/2023,1/18/2024,1:30 PM,1:30 PM+1,Aeromexico,30 hr,2 stops,4867 kg CO2,+6% emissions,$16821,round trip,Adolfo Suárez Madrid–Barajas Airport,José Martí international Airport
other_departing_flights,Premium economy,12/28/2023,1/18/2024,11:45 PM,1:30 PM+1,Aeromexico,19 hr 45 min,1 stop,4578 kg CO2,Avg emissions,$16821,round trip,Adolfo Suárez Madrid–Barajas Airport,José Martí international Airport
departing_flights,Premium economy,12/29/2023,1/16/2024,9:00 AM,1:30 PM+1,Aeromexico,34 hr 30 min,2 stops,4616 kg CO2,Avg emissions,$5666,round trip,Adolfo Suárez Madrid–Barajas Airport,José Martí international Airport
departing_flights,Premium economy,12/29/2023,1/16/2024,9:00 AM,1:30 PM+1,Aeromexico,34 hr 30 min,2 stops,4580 kg CO2,Avg emissions,$5666,round trip,Adolfo Suárez Madrid–Barajas Airport,José Martí international Airport
departing_flights,Premium economy,12/29/2023,1/16/2024,9:00 AM,1:30 PM+1,Aeromexico,34 hr 30 min,2 stops,4616 kg CO2,Avg emissions,$5666,round trip,Adolfo Suárez Madrid–Barajas Airport,José Martí international Airport
departing_flights,Premium economy,12/29/2023,1/16/2024,9:00 AM,1:30 PM+1,AeromexicoOperated by Aerolitoral DBA Aeromexico Connect,34 hr 30 min,2 stops,4671 kg CO2,Avg emissions,$5666,round trip,Adolfo Suárez Madrid–Barajas Airport,José Martí international Airport
departing_flights,Premium economy,12/29/2023,1/16/2024,9:00 AM,1:30 PM+1,Aeromexico,34 hr 30 min,2 stops,4580 kg CO2,Avg emissions,$5666,round trip,Adolfo Suárez Madrid–Barajas Airport,José Martí international Airport
departing_flights,Premium economy,12/29/2023,1/16/2024,9:00 AM,1:30 PM+1,Aeromexico,34 hr 30 min,2 stops,4616 kg CO2,Avg emissions,$5666,round trip,Adolfo Suárez Madrid–Barajas Airport,José Martí international Airport
departing_flights,Premium economy,12/29/2023,1/16/2024,9:00 AM,1:30 PM+1,Aeromexico,34 hr 30 min,2 stops,4580 kg CO2,Avg emissions,$5666,round trip,Adolfo Suárez Madrid–Barajas Airport,José Martí international Airport
departing_flights,Premium economy,12/29/2023,1/16/2024,9:00 AM,1:30 PM+2,Aeromexico,58 hr 30 min,2 stops,4616 kg CO2,Avg emissions,$5666,round trip,Adolfo Suárez Madrid–Barajas Airport,José Martí international Airport
departing_flights,Premium economy,12/29/2023,1/16/2024,10:55 AM,1:30 PM+1,Aeromexico,32 hr 35 min,1 stop,4578 kg CO2,Avg emissions,$5666,round trip,Adolfo Suárez Madrid–Barajas Airport,José Martí international Airport
departing_flights,Premium economy,12/29/2023,1/16/2024,1:30 PM,1:30 PM+1,Aeromexico,30 hr,1 stop,4787 kg CO2,Avg emissions,$5666,round trip,Adolfo Suárez Madrid–Barajas Airport,José Martí international Airport
departing_flights,Premium economy,12/29/2023,1/16/2024,11:45 PM,1:30 PM+1,Aeromexico,19 hr 45 min,1 stop,4578 kg CO2,Avg emissions,$5666,round trip,Adolfo Suárez Madrid–Barajas Airport,José Martí international Airport
departing_flights,Premium economy,12/29/2023,1/16/2024,9:00 AM,1:30 PM+2,Aeromexico,58 hr 30 min,2 stops,4580 kg CO2,Avg emissions,$7101,round trip,Adolfo Suárez Madrid–Barajas Airport,José Martí international Airport
departing_flights,Premium economy,12/29/2023,1/17/2024,9:00 AM,1:30 PM+1,Aeromexico,34 hr 30 min,2 stops,4616 kg CO2,Avg emissions,$5666,round trip,Adolfo Suárez Madrid–Barajas Airport,José Martí international Airport
departing_flights,Premium economy,12/29/2023,1/17/2024,9:00 AM,1:30 PM+1,Aeromexico,34 hr 30 min,2 stops,4580 kg CO2,Avg emissions,$5666,round trip,Adolfo Suárez Madrid–Barajas Airport,José Martí international Airport
departing_flights,Premium economy,12/29/2023,1/17/2024,9:00 AM,1:30 PM+1,Aeromexico,34 hr 30 min,2 stops,4616 kg CO2,Avg emissions,$5666,round trip,Adolfo Suárez Madrid–Barajas Airport,José Martí international Airport
departing_flights,Premium economy,12/29/2023,1/17/2024,9:00 AM,1:30 PM+1,AeromexicoOperated by Aerolitoral DBA Aeromexico Connect,34 hr 30 min,2 stops,4671 kg CO2,Avg emissions,$5666,round trip,Adolfo Suárez Madrid–Barajas Airport,José Martí international Airport
departing_flights,Premium economy,12/29/2023,1/17/2024,9:00 AM,1:30 PM+1,Aeromexico,34 hr 30 min,2 stops,4580 kg CO2,Avg emissions,$5666,round trip,Adolfo Suárez Madrid–Barajas Airport,José Martí international Airport
departing_flights,Premium economy,12/29/2023,1/17/2024,9:00 AM,1:30 PM+1,Aeromexico,34 hr 30 min,2 stops,4616 kg CO2,Avg emissions,$5666,round trip,Adolfo Suárez Madrid–Barajas Airport,José Martí international Airport
departing_flights,Premium economy,12/29/2023,1/17/2024,9:00 AM,1:30 PM+1,Aeromexico,34 hr 30 min,2 stops,4580 kg CO2,Avg emissions,$5666,round trip,Adolfo Suárez Madrid–Barajas Airport,José Martí international Airport
departing_flights,Premium economy,12/29/2023,1/17/2024,9:00 AM,1:30 PM+2,Aeromexico,58 hr 30 min,2 stops,4616 kg CO2,Avg emissions,$5666,round trip,Adolfo Suárez Madrid–Barajas Airport,José Martí international Airport
departing_flights,Premium economy,12/29/2023,1/17/2024,10:55 AM,1:30 PM+1,Aeromexico,32 hr 35 min,1 stop,4578 kg CO2,Avg emissions,$5666,round trip,Adolfo Suárez Madrid–Barajas Airport,José Martí international Airport
departing_flights,Premium economy,12/29/2023,1/17/2024,1:30 PM,1:30 PM+1,Aeromexico,30 hr,1 stop,4787 kg CO2,Avg emissions,$5666,round trip,Adolfo Suárez Madrid–Barajas Airport,José Martí international Airport
departing_flights,Premium economy,12/29/2023,1/17/2024,11:45 PM,1:30 PM+1,Aeromexico,19 hr 45 min,1 stop,4578 kg CO2,Avg emissions,$5666,round trip,Adolfo Suárez Madrid–Barajas Airport,José Martí international Airport
departing_flights,Premium economy,12/29/2023,1/17/2024,9:00 AM,1:30 PM+2,Aeromexico,58 hr 30 min,2 stops,4580 kg CO2,Avg emissions,$7101,round trip,Adolfo Suárez Madrid–Barajas Airport,José Martí international Airport
departing_flights,Premium economy,12/29/2023,1/17/2024,9:00 AM,1:30 PM+2,Aeromexico,58 hr 30 min,2 stops,4580 kg CO2,Avg emissions,$7101,round trip,Adolfo Suárez Madrid–Barajas Airport,José Martí international Airport
departing_flights,Premium economy,12/29/2023,1/17/2024,3:10 PM,12:14 AM+1,Air Europa COPA,15 hr 4 min,1 stop,3680 kg CO2,-20% emissions,$9481,round trip,Adolfo Suárez Madrid–Barajas Airport,José Martí international Airport
departing_flights,Premium economy,12/29/2023,1/17/2024,3:10 PM,10:22 AM+1,Air Europa COPA,25 hr 12 min,1 stop,3620 kg CO2,-21% emissions,$9481,round trip,Adolfo Suárez Madrid–Barajas Airport,José Martí international Airport
departing_flights,Premium economy,12/29/2023,1/17/2024,3:10 PM,12:42 PM+1,Air Europa COPA,27 hr 32 min,1 stop,3749 kg CO2,-18% emissions,$9481,round trip,Adolfo Suárez Madrid–Barajas Airport,José Martí international Airport
departing_flights,Premium economy,12/29/2023,1/18/2024,9:00 AM,1:30 PM+1,Aeromexico,34 hr 30 min,2 stops,4616 kg CO2,Avg emissions,$5666,round trip,Adolfo Suárez Madrid–Barajas Airport,José Martí international Airport
departing_flights,Premium economy,12/29/2023,1/18/2024,9:00 AM,1:30 PM+1,Aeromexico,34 hr 30 min,2 stops,4580 kg CO2,Avg emissions,$5666,round trip,Adolfo Suárez Madrid–Barajas Airport,José Martí international Airport
departing_flights,Premium economy,12/29/2023,1/18/2024,9:00 AM,1:30 PM+1,Aeromexico,34 hr 30 min,2 stops,4616 kg CO2,Avg emissions,$5666,round trip,Adolfo Suárez Madrid–Barajas Airport,José Martí international Airport
departing_flights,Premium economy,12/29/2023,1/18/2024,9:00 AM,1:30 PM+1,AeromexicoOperated by Aerolitoral DBA Aeromexico Connect,34 hr 30 min,2 stops,4671 kg CO2,Avg emissions,$5666,round trip,Adolfo Suárez Madrid–Barajas Airport,José Martí international Airport
departing_flights,Premium economy,12/29/2023,1/18/2024,9:00 AM,1:30 PM+1,Aeromexico,34 hr 30 min,2 stops,4580 kg CO2,Avg emissions,$5666,round trip,Adolfo Suárez Madrid–Barajas Airport,José Martí international Airport
departing_flights,Premium economy,12/29/2023,1/18/2024,9:00 AM,1:30 PM+1,Aeromexico,34 hr 30 min,2 stops,4616 kg CO2,Avg emissions,$5666,round trip,Adolfo Suárez Madrid–Barajas Airport,José Martí international Airport
departing_flights,Premium economy,12/29/2023,1/18/2024,9:00 AM,1:30 PM+1,Aeromexico,34 hr 30 min,2 stops,4580 kg CO2,Avg emissions,$5666,round trip,Adolfo Suárez Madrid–Barajas Airport,José Martí international Airport
departing_flights,Premium economy,12/29/2023,1/18/2024,9:00 AM,1:30 PM+2,Aeromexico,58 hr 30 min,2 stops,4616 kg CO2,Avg emissions,$5666,round trip,Adolfo Suárez Madrid–Barajas Airport,José Martí international Airport
departing_flights,Premium economy,12/29/2023,1/18/2024,10:55 AM,1:30 PM+1,Aeromexico,32 hr 35 min,1 stop,4578 kg CO2,Avg emissions,$5666,round trip,Adolfo Suárez Madrid–Barajas Airport,José Martí international Airport
departing_flights,Premium economy,12/29/2023,1/18/2024,1:30 PM,1:30 PM+1,Aeromexico,30 hr,1 stop,4787 kg CO2,Avg emissions,$5666,round trip,Adolfo Suárez Madrid–Barajas Airport,José Martí international Airport
departing_flights,Premium economy,12/29/2023,1/18/2024,11:45 PM,1:30 PM+1,Aeromexico,19 hr 45 min,1 stop,4578 kg CO2,Avg emissions,$5666,round trip,Adolfo Suárez Madrid–Barajas Airport,José Martí international Airport
departing_flights,Premium economy,12/29/2023,1/18/2024,9:00 AM,1:30 PM+2,Aeromexico,58 hr 30 min,2 stops,4580 kg CO2,Avg emissions,$7101,round trip,Adolfo Suárez Madrid–Barajas Airport,José Martí international Airport
departing_flights,Premium economy,12/29/2023,1/18/2024,9:00 AM,1:30 PM+2,Aeromexico,58 hr 30 min,2 stops,4580 kg CO2,Avg emissions,$7101,round trip,Adolfo Suárez Madrid–Barajas Airport,José Martí international Airport
departing_flights,Premium economy,12/30/2023,1/16/2024,9:00 AM,1:30 PM+1,Aeromexico,34 hr 30 min,2 stops,4580 kg CO2,Avg emissions,$5666,round trip,Adolfo Suárez Madrid–Barajas Airport,José Martí international Airport
departing_flights,Premium economy,12/30/2023,1/16/2024,9:00 AM,1:30 PM+1,Aeromexico,34 hr 30 min,2 stops,4580 kg CO2,Avg emissions,$5666,round trip,Adolfo Suárez Madrid–Barajas Airport,José Martí international Airport
departing_flights,Premium economy,12/30/2023,1/16/2024,9:00 AM,1:30 PM+1,Aeromexico,34 hr 30 min,2 stops,4580 kg CO2,Avg emissions,$5666,round trip,Adolfo Suárez Madrid–Barajas Airport,José Martí international Airport
departing_flights,Premium economy,12/30/2023,1/16/2024,10:55 AM,1:30 PM+1,Aeromexico,32 hr 35 min,1 stop,4578 kg CO2,Avg emissions,$5666,round trip,Adolfo Suárez Madrid–Barajas Airport,José Martí international Airport
departing_flights,Premium economy,12/30/2023,1/16/2024,1:30 PM,1:30 PM+1,Aeromexico,30 hr,1 stop,4787 kg CO2,Avg emissions,$5666,round trip,Adolfo Suárez Madrid–Barajas Airport,José Martí international Airport
departing_flights,Premium economy,12/30/2023,1/16/2024,11:45 PM,1:30 PM+1,Aeromexico,19 hr 45 min,1 stop,4578 kg CO2,Avg emissions,$5666,round trip,Adolfo Suárez Madrid–Barajas Airport,José Martí international Airport
departing_flights,Premium economy,12/30/2023,1/16/2024,3:35 PM,7:45 PM,Air Europa,10 hr 10 min,Nonstop,3116 kg CO2,-32% emissions,$6448,round trip,Adolfo Suárez Madrid–Barajas Airport,José Martí international Airport
departing_flights,Premium economy,12/30/2023,1/16/2024,11:45 AM,9:34 PM+1,Iberia COPA,39 hr 49 min,1 stop,5236 kg CO2,+14% emissions,$9110,round trip,Adolfo Suárez Madrid–Barajas Airport,José Martí international Airport
departing_flights,Premium economy,12/30/2023,1/16/2024,11:45 AM,9:34 PM,Iberia COPA,15 hr 49 min,1 stop,5305 kg CO2,+16% emissions,$9479,round trip,Adolfo Suárez Madrid–Barajas Airport,José Martí international Airport
departing_flights,Premium economy,12/30/2023,1/16/2024,11:45 AM,12:14 AM+1,Iberia COPA,18 hr 29 min,1 stop,5236 kg CO2,+14% emissions,$9479,round trip,Adolfo Suárez Madrid–Barajas Airport,José Martí international Airport
departing_flights,Premium economy,12/30/2023,1/16/2024,11:45 AM,10:22 AM+1,Iberia COPA,28 hr 37 min,1 stop,5176 kg CO2,+13% emissions,$9479,round trip,Adolfo Suárez Madrid–Barajas Airport,José Martí international Airport
departing_flights,Premium economy,12/30/2023,1/16/2024,11:45 AM,12:42 PM+1,Iberia COPA,30 hr 57 min,1 stop,5236 kg CO2,+14% emissions,$10339,round trip,Adolfo Suárez Madrid–Barajas Airport,José Martí international Airport
departing_flights,Premium economy,12/30/2023,1/17/2024,9:00 AM,1:30 PM+1,Aeromexico,34 hr 30 min,2 stops,4580 kg CO2,Avg emissions,$5666,round trip,Adolfo Suárez Madrid–Barajas Airport,José Martí international Airport
departing_flights,Premium economy,12/30/2023,1/17/2024,9:00 AM,1:30 PM+1,Aeromexico,34 hr 30 min,2 stops,4580 kg CO2,Avg emissions,$5666,round trip,Adolfo Suárez Madrid–Barajas Airport,José Martí international Airport
departing_flights,Premium economy,12/30/2023,1/17/2024,9:00 AM,1:30 PM+1,Aeromexico,34 hr 30 min,2 stops,4580 kg CO2,Avg emissions,$5666,round trip,Adolfo Suárez Madrid–Barajas Airport,José Martí international Airport
departing_flights,Premium economy,12/30/2023,1/17/2024,10:55 AM,1:30 PM+1,Aeromexico,32 hr 35 min,1 stop,4578 kg CO2,Avg emissions,$5666,round trip,Adolfo Suárez Madrid–Barajas Airport,José Martí international Airport
departing_flights,Premium economy,12/30/2023,1/17/2024,1:30 PM,1:30 PM+1,Aeromexico,30 hr,1 stop,4787 kg CO2,Avg emissions,$5666,round trip,Adolfo Suárez Madrid–Barajas Airport,José Martí international Airport
departing_flights,Premium economy,12/30/2023,1/17/2024,11:45 PM,1:30 PM+1,Aeromexico,19 hr 45 min,1 stop,4578 kg CO2,Avg emissions,$5666,round trip,Adolfo Suárez Madrid–Barajas Airport,José Martí international Airport
departing_flights,Premium economy,12/30/2023,1/17/2024,3:35 PM,7:45 PM,Air Europa,10 hr 10 min,Nonstop,3116 kg CO2,-32% emissions,$6719,round trip,Adolfo Suárez Madrid–Barajas Airport,José Martí international Airport
departing_flights,Premium economy,12/30/2023,1/17/2024,4:40 PM,12:42 PM+1,Air Europa COPA,26 hr 2 min,2 stops,3570 kg CO2,-22% emissions,$7276,round trip,Adolfo Suárez Madrid–Barajas Airport,José Martí international Airport
departing_flights,Premium economy,12/30/2023,1/17/2024,3:15 PM,10:22 AM+1,Air Europa COPA,25 hr 7 min,2 stops,4192 kg CO2,-8% emissions,$9077,round trip,Adolfo Suárez Madrid–Barajas Airport,José Martí international Airport
departing_flights,Premium economy,12/30/2023,1/17/2024,3:15 PM,12:42 PM+1,Air Europa COPA,27 hr 27 min,2 stops,4252 kg CO2,-7% emissions,$9077,round trip,Adolfo Suárez Madrid–Barajas Airport,José Martí international Airport
departing_flights,Premium economy,12/30/2023,1/17/2024,3:15 PM,12:42 PM+1,Air Europa COPA,27 hr 27 min,2 stops,4294 kg CO2,-6% emissions,$9077,round trip,Adolfo Suárez Madrid–Barajas Airport,José Martí international Airport
departing_flights,Premium economy,12/30/2023,1/17/2024,3:15 PM,12:42 PM+1,Air Europa COPA,27 hr 27 min,2 stops,4294 kg CO2,-6% emissions,$9077,round trip,Adolfo Suárez Madrid–Barajas Airport,José Martí international Airport
departing_flights,Premium economy,12/30/2023,1/17/2024,11:45 AM,9:34 PM+1,Iberia COPA,39 hr 49 min,1 stop,5236 kg CO2,+14% emissions,$9569,round trip,Adolfo Suárez Madrid–Barajas Airport,José Martí international Airport
departing_flights,Premium economy,12/30/2023,1/17/2024,11:45 AM,9:34 PM,Iberia COPA,15 hr 49 min,1 stop,5305 kg CO2,+16% emissions,$9938,round trip,Adolfo Suárez Madrid–Barajas Airport,José Martí international Airport
departing_flights,Premium economy,12/30/2023,1/17/2024,11:45 AM,12:14 AM+1,Iberia COPA,18 hr 29 min,1 stop,5236 kg CO2,+14% emissions,$9938,round trip,Adolfo Suárez Madrid–Barajas Airport,José Martí international Airport
departing_flights,Premium economy,12/30/2023,1/17/2024,11:45 AM,10:22 AM+1,Iberia COPA,28 hr 37 min,1 stop,5176 kg CO2,+13% emissions,$9938,round trip,Adolfo Suárez Madrid–Barajas Airport,José Martí international Airport
departing_flights,Premium economy,12/30/2023,1/17/2024,4:15 PM,12:42 PM+1,Air Europa COPA,26 hr 27 min,2 stops,3539 kg CO2,-23% emissions,$12879,round trip,Adolfo Suárez Madrid–Barajas Airport,José Martí international Airport
departing_flights,Premium economy,12/30/2023,1/17/2024,4:15 PM,9:34 PM+1,Air Europa COPA,35 hr 19 min,2 stops,3460 kg CO2,-24% emissions,$12879,round trip,Adolfo Suárez Madrid–Barajas Airport,José Martí international Airport
departing_flights,Premium economy,12/30/2023,1/17/2024,4:15 PM,9:34 PM+1,Air Europa COPA,35 hr 19 min,2 stops,3472 kg CO2,-24% emissions,$12879,round trip,Adolfo Suárez Madrid–Barajas Airport,José Martí international Airport
departing_flights,Premium economy,12/30/2023,1/17/2024,4:15 PM,9:34 PM+1,Air Europa COPA,35 hr 19 min,2 stops,3539 kg CO2,-23% emissions,$12879,round trip,Adolfo Suárez Madrid–Barajas Airport,José Martí international Airport
departing_flights,Premium economy,12/30/2023,1/17/2024,11:45 AM,12:42 PM+1,Iberia COPA,30 hr 57 min,1 stop,5236 kg CO2,+14% emissions,$13431,round trip,Adolfo Suárez Madrid–Barajas Airport,José Martí international Airport
departing_flights,Premium economy,12/30/2023,1/18/2024,9:00 AM,1:30 PM+1,Aeromexico,34 hr 30 min,2 stops,4580 kg CO2,Avg emissions,$5666,round trip,Adolfo Suárez Madrid–Barajas Airport,José Martí international Airport
departing_flights,Premium economy,12/30/2023,1/18/2024,9:00 AM,1:30 PM+1,Aeromexico,34 hr 30 min,2 stops,4580 kg CO2,Avg emissions,$5666,round trip,Adolfo Suárez Madrid–Barajas Airport,José Martí international Airport
departing_flights,Premium economy,12/30/2023,1/18/2024,9:00 AM,1:30 PM+1,Aeromexico,34 hr 30 min,2 stops,4580 kg CO2,Avg emissions,$5666,round trip,Adolfo Suárez Madrid–Barajas Airport,José Martí international Airport
departing_flights,Premium economy,12/30/2023,1/18/2024,10:55 AM,1:30 PM+1,Aeromexico,32 hr 35 min,1 stop,4578 kg CO2,Avg emissions,$5666,round trip,Adolfo Suárez Madrid–Barajas Airport,José Martí international Airport
departing_flights,Premium economy,12/30/2023,1/18/2024,1:30 PM,1:30 PM+1,Aeromexico,30 hr,1 stop,4787 kg CO2,Avg emissions,$5666,round trip,Adolfo Suárez Madrid–Barajas Airport,José Martí international Airport
departing_flights,Premium economy,12/30/2023,1/18/2024,11:45 PM,1:30 PM+1,Aeromexico,19 hr 45 min,1 stop,4578 kg CO2,Avg emissions,$5666,round trip,Adolfo Suárez Madrid–Barajas Airport,José Martí international Airport
departing_flights,Premium economy,12/30/2023,1/18/2024,3:35 PM,7:45 PM,Air Europa,10 hr 10 min,Nonstop,3116 kg CO2,-32% emissions,$6719,round trip,Adolfo Suárez Madrid–Barajas Airport,José Martí international Airport
departing_flights,Premium economy,12/30/2023,1/18/2024,11:45 AM,9:34 PM+1,Iberia COPA,39 hr 49 min,1 stop,5236 kg CO2,+14% emissions,$11555,round trip,Adolfo Suárez Madrid–Barajas Airport,José Martí international Airport
departing_flights,Premium economy,12/30/2023,1/18/2024,11:45 AM,9:34 PM,Iberia COPA,15 hr 49 min,1 stop,5305 kg CO2,+16% emissions,$11924,round trip,Adolfo Suárez Madrid–Barajas Airport,José Martí international Airport
departing_flights,Premium economy,12/30/2023,1/18/2024,11:45 AM,12:14 AM+1,Iberia COPA,18 hr 29 min,1 stop,5236 kg CO2,+14% emissions,$11924,round trip,Adolfo Suárez Madrid–Barajas Airport,José Martí international Airport
departing_flights,Premium economy,12/30/2023,1/18/2024,11:45 AM,10:22 AM+1,Iberia COPA,28 hr 37 min,1 stop,5176 kg CO2,+13% emissions,$11924,round trip,Adolfo Suárez Madrid–Barajas Airport,José Martí international Airport
departing_flights,Premium economy,12/30/2023,1/18/2024,11:45 AM,12:42 PM+1,Iberia COPA,30 hr 57 min,1 stop,5236 kg CO2,+14% emissions,$13539,round trip,Adolfo Suárez Madrid–Barajas Airport,José Martí international Airport
departing_flights,Premium economy,12/31/2023,1/16/2024,10:55 AM,1:30 PM+1,Aeromexico,32 hr 35 min,1 stop,4578 kg CO2,Avg emissions,$5666,round trip,Adolfo Suárez Madrid–Barajas Airport,José Martí international Airport
departing_flights,Premium economy,12/31/2023,1/16/2024,11:45 PM,1:30 PM+1,Aeromexico,19 hr 45 min,1 stop,4578 kg CO2,Avg emissions,$5666,round trip,Adolfo Suárez Madrid–Barajas Airport,José Martí international Airport
departing_flights,Premium economy,12/31/2023,1/16/2024,7:05 AM,7:15 AM+1,Turkish Airlines,30 hr 10 min,1 stop,5100 kg CO2,+11% emissions,$6303,round trip,Adolfo Suárez Madrid–Barajas Airport,José Martí international Airport
departing_flights,Premium economy,12/31/2023,1/16/2024,11:50 AM,7:15 AM+1,Turkish Airlines,25 hr 25 min,1 stop,5976 kg CO2,+31% emissions,$6303,round trip,Adolfo Suárez Madrid–Barajas Airport,José Martí international Airport
departing_flights,Premium economy,12/31/2023,1/16/2024,2:55 PM,7:15 AM+1,Turkish Airlines,22 hr 20 min,1 stop,5100 kg CO2,+11% emissions,$6303,round trip,Adolfo Suárez Madrid–Barajas Airport,José Martí international Airport
departing_flights,Premium economy,12/31/2023,1/16/2024,5:50 PM,7:15 AM+1,Turkish Airlines,19 hr 25 min,1 stop,5793 kg CO2,+27% emissions,$6303,round trip,Adolfo Suárez Madrid–Barajas Airport,José Martí international Airport
departing_flights,Premium economy,12/31/2023,1/16/2024,3:35 PM,7:45 PM,Air Europa,10 hr 10 min,Nonstop,3116 kg CO2,-32% emissions,$6719,round trip,Adolfo Suárez Madrid–Barajas Airport,José Martí international Airport
departing_flights,Premium economy,12/31/2023,1/16/2024,1:30 PM,1:30 PM+2,Aeromexico,54 hr,2 stops,4867 kg CO2,+6% emissions,$7081,round trip,Adolfo Suárez Madrid–Barajas Airport,José Martí international Airport
departing_flights,Premium economy,12/31/2023,1/16/2024,11:45 AM,10:15 AM+1,Iberia COPA,28 hr 30 min,1 stop,5187 kg CO2,+13% emissions,$8983,round trip,Adolfo Suárez Madrid–Barajas Airport,José Martí international Airport
departing_flights,Premium economy,12/31/2023,1/16/2024,11:45 AM,12:12 PM+1,Iberia COPA,30 hr 27 min,1 stop,5236 kg CO2,+14% emissions,$8983,round trip,Adolfo Suárez Madrid–Barajas Airport,José Martí international Airport
departing_flights,Premium economy,12/31/2023,1/16/2024,11:45 AM,9:34 PM,Iberia COPA,15 hr 49 min,1 stop,5236 kg CO2,+14% emissions,$9003,round trip,Adolfo Suárez Madrid–Barajas Airport,José Martí international Airport
departing_flights,Premium economy,12/31/2023,1/17/2024,10:55 AM,1:30 PM+1,Aeromexico,32 hr 35 min,1 stop,4578 kg CO2,Avg emissions,$5666,round trip,Adolfo Suárez Madrid–Barajas Airport,José Martí international Airport
departing_flights,Premium economy,12/31/2023,1/17/2024,11:45 PM,1:30 PM+1,Aeromexico,19 hr 45 min,1 stop,4578 kg CO2,Avg emissions,$5666,round trip,Adolfo Suárez Madrid–Barajas Airport,José Martí international Airport
departing_flights,Premium economy,12/31/2023,1/17/2024,7:05 AM,7:15 AM+1,Turkish Airlines,30 hr 10 min,1 stop,5100 kg CO2,+11% emissions,$6303,round trip,Adolfo Suárez Madrid–Barajas Airport,José Martí international Airport
departing_flights,Premium economy,12/31/2023,1/17/2024,11:50 AM,7:15 AM+1,Turkish Airlines,25 hr 25 min,1 stop,5976 kg CO2,+31% emissions,$6303,round trip,Adolfo Suárez Madrid–Barajas Airport,José Martí international Airport
departing_flights,Premium economy,12/31/2023,1/17/2024,2:55 PM,7:15 AM+1,Turkish Airlines,22 hr 20 min,1 stop,5100 kg CO2,+11% emissions,$6303,round trip,Adolfo Suárez Madrid–Barajas Airport,José Martí international Airport
departing_flights,Premium economy,12/31/2023,1/17/2024,5:50 PM,7:15 AM+1,Turkish Airlines,19 hr 25 min,1 stop,5793 kg CO2,+27% emissions,$6303,round trip,Adolfo Suárez Madrid–Barajas Airport,José Martí international Airport
departing_flights,Premium economy,12/31/2023,1/17/2024,3:35 PM,7:45 PM,Air Europa,10 hr 10 min,Nonstop,3116 kg CO2,-32% emissions,$6719,round trip,Adolfo Suárez Madrid–Barajas Airport,José Martí international Airport
departing_flights,Premium economy,12/31/2023,1/17/2024,1:30 PM,1:30 PM+2,Aeromexico,54 hr,2 stops,4867 kg CO2,+6% emissions,$7081,round trip,Adolfo Suárez Madrid–Barajas Airport,José Martí international Airport
departing_flights,Premium economy,12/31/2023,1/17/2024,3:15 PM,10:15 AM+1,Air Europa COPA,25 hr,2 stops,4204 kg CO2,-8% emissions,$9077,round trip,Adolfo Suárez Madrid–Barajas Airport,José Martí international Airport
departing_flights,Premium economy,12/31/2023,1/17/2024,3:15 PM,12:12 PM+1,Air Europa COPA,26 hr 57 min,2 stops,4252 kg CO2,-7% emissions,$9077,round trip,Adolfo Suárez Madrid–Barajas Airport,José Martí international Airport
departing_flights,Premium economy,12/31/2023,1/17/2024,3:15 PM,12:12 PM+1,Air Europa COPA,26 hr 57 min,2 stops,4252 kg CO2,-7% emissions,$9077,round trip,Adolfo Suárez Madrid–Barajas Airport,José Martí international Airport
departing_flights,Premium economy,12/31/2023,1/17/2024,11:45 AM,10:15 AM+1,Iberia COPA,28 hr 30 min,1 stop,5187 kg CO2,+13% emissions,$9442,round trip,Adolfo Suárez Madrid–Barajas Airport,José Martí international Airport
departing_flights,Premium economy,12/31/2023,1/17/2024,11:45 AM,9:34 PM,Iberia COPA,15 hr 49 min,1 stop,5236 kg CO2,+14% emissions,$9462,round trip,Adolfo Suárez Madrid–Barajas Airport,José Martí international Airport
departing_flights,Premium economy,12/31/2023,1/17/2024,11:45 AM,12:12 PM+1,Iberia COPA,30 hr 27 min,1 stop,5236 kg CO2,+14% emissions,$9462,round trip,Adolfo Suárez Madrid–Barajas Airport,José Martí international Airport
departing_flights,Premium economy,12/31/2023,1/17/2024,4:15 PM,9:29 PM+1,Air Europa COPA,35 hr 14 min,2 stops,3542 kg CO2,-23% emissions,$10681,round trip,Adolfo Suárez Madrid–Barajas Airport,José Martí international Airport
departing_flights,Premium economy,12/31/2023,1/17/2024,4:15 PM,9:29 PM+1,Air Europa COPA,35 hr 14 min,2 stops,3529 kg CO2,-23% emissions,$10681,round trip,Adolfo Suárez Madrid–Barajas Airport,José Martí international Airport
departing_flights,Premium economy,12/31/2023,1/18/2024,10:55 AM,1:30 PM+1,Aeromexico,32 hr 35 min,1 stop,4578 kg CO2,Avg emissions,$5666,round trip,Adolfo Suárez Madrid–Barajas Airport,José Martí international Airport
departing_flights,Premium economy,12/31/2023,1/18/2024,11:45 PM,1:30 PM+1,Aeromexico,19 hr 45 min,1 stop,4578 kg CO2,Avg emissions,$5666,round trip,Adolfo Suárez Madrid–Barajas Airport,José Martí international Airport
departing_flights,Premium economy,12/31/2023,1/18/2024,3:35 PM,7:45 PM,Air Europa,10 hr 10 min,Nonstop,3116 kg CO2,-32% emissions,$6719,round trip,Adolfo Suárez Madrid–Barajas Airport,José Martí international Airport
departing_flights,Premium economy,12/31/2023,1/18/2024,1:30 PM,1:30 PM+2,Aeromexico,54 hr,2 stops,4867 kg CO2,+6% emissions,$7081,round trip,Adolfo Suárez Madrid–Barajas Airport,José Martí international Airport
departing_flights,Premium economy,12/31/2023,1/18/2024,11:45 AM,10:15 AM+1,Iberia COPA,28 hr 30 min,1 stop,5187 kg CO2,+13% emissions,$11428,round trip,Adolfo Suárez Madrid–Barajas Airport,José Martí international Airport
departing_flights,Premium economy,12/31/2023,1/18/2024,11:45 AM,12:12 PM+1,Iberia COPA,30 hr 27 min,1 stop,5236 kg CO2,+14% emissions,$11428,round trip,Adolfo Suárez Madrid–Barajas Airport,José Martí international Airport
departing_flights,Premium economy,12/31/2023,1/18/2024,11:45 AM,9:34 PM,Iberia COPA,15 hr 49 min,1 stop,5236 kg CO2,+14% emissions,$11448,round trip,Adolfo Suárez Madrid–Barajas Airport,José Martí international Airport
best_departing_flights,Premium economy,1/1/2024,1/16/2024,5:50 PM,7:15 AM+1,Turkish Airlines,19 hr 25 min,1 stop,5793 kg CO2,+27% emissions,$6303,round trip,Adolfo Suárez Madrid–Barajas Airport,José Martí international Airport
best_departing_flights,Premium economy,1/1/2024,1/16/2024,3:35 PM,7:45 PM,Air Europa,10 hr 10 min,Nonstop,3116 kg CO2,-32% emissions,$6719,round trip,Adolfo Suárez Madrid–Barajas Airport,José Martí international Airport
other_departing_flights,Premium economy,1/1/2024,1/16/2024,10:55 AM,1:30 PM+1,Aeromexico,32 hr 35 min,1 stop,4578 kg CO2,Avg emissions,$5666,round trip,Adolfo Suárez Madrid–Barajas Airport,José Martí international Airport
other_departing_flights,Premium economy,1/1/2024,1/16/2024,1:30 PM,1:30 PM+1,Aeromexico,30 hr,1 stop,4787 kg CO2,Avg emissions,$5666,round trip,Adolfo Suárez Madrid–Barajas Airport,José Martí international Airport
other_departing_flights,Premium economy,1/1/2024,1/16/2024,11:50 AM,7:15 AM+1,Turkish Airlines,25 hr 25 min,1 stop,5007 kg CO2,+9% emissions,$6303,round trip,Adolfo Suárez Madrid–Barajas Airport,José Martí international Airport
other_departing_flights,Premium economy,1/1/2024,1/16/2024,2:55 PM,7:15 AM+1,Turkish Airlines,22 hr 20 min,1 stop,5100 kg CO2,+11% emissions,$6303,round trip,Adolfo Suárez Madrid–Barajas Airport,José Martí international Airport
other_departing_flights,Premium economy,1/1/2024,1/16/2024,8:05 AM,7:05 PM,Lufthansa Condor,17 hr,1 stop,4489 kg CO2,Avg emissions,$8430,round trip,Adolfo Suárez Madrid–Barajas Airport,José Martí international Airport
other_departing_flights,Premium economy,1/1/2024,1/16/2024,11:45 PM,1:30 PM+1,Aeromexico,19 hr 45 min,1 stop,4578 kg CO2,Avg emissions,$16821,round trip,Adolfo Suárez Madrid–Barajas Airport,José Martí international Airport
best_departing_flights,Premium economy,1/1/2024,1/17/2024,12:25 PM,8:30 PM,Air France,14 hr 5 min,1 stop,4106 kg CO2,-10% emissions,$3991,round trip,Adolfo Suárez Madrid–Barajas Airport,José Martí international Airport
best_departing_flights,Premium economy,1/1/2024,1/17/2024,3:35 PM,7:45 PM,Air Europa,10 hr 10 min,Nonstop,3116 kg CO2,-32% emissions,$7276,round trip,Adolfo Suárez Madrid–Barajas Airport,José Martí international Airport
other_departing_flights,Premium economy,1/1/2024,1/17/2024,6:00 AM,8:30 PM,Air France,20 hr 30 min,1 stop,4144 kg CO2,-9% emissions,$3991,round trip,Adolfo Suárez Madrid–Barajas Airport,José Martí international Airport
other_departing_flights,Premium economy,1/1/2024,1/17/2024,10:00 AM,8:30 PM,Air FranceOperated by HOP!,16 hr 30 min,1 stop,4229 kg CO2,-8% emissions,$3991,round trip,Adolfo Suárez Madrid–Barajas Airport,José Martí international Airport
other_departing_flights,Premium economy,1/1/2024,1/17/2024,10:55 AM,1:30 PM+1,Aeromexico,32 hr 35 min,1 stop,4578 kg CO2,Avg emissions,$5666,round trip,Adolfo Suárez Madrid–Barajas Airport,José Martí international Airport
other_departing_flights,Premium economy,1/1/2024,1/17/2024,1:30 PM,1:30 PM+1,Aeromexico,30 hr,1 stop,4787 kg CO2,Avg emissions,$5666,round trip,Adolfo Suárez Madrid–Barajas Airport,José Martí international Airport
other_departing_flights,Premium economy,1/1/2024,1/17/2024,11:50 AM,7:15 AM+1,Turkish Airlines,25 hr 25 min,1 stop,5007 kg CO2,+9% emissions,$6303,round trip,Adolfo Suárez Madrid–Barajas Airport,José Martí international Airport
other_departing_flights,Premium economy,1/1/2024,1/17/2024,2:55 PM,7:15 AM+1,Turkish Airlines,22 hr 20 min,1 stop,5100 kg CO2,+11% emissions,$6303,round trip,Adolfo Suárez Madrid–Barajas Airport,José Martí international Airport
other_departing_flights,Premium economy,1/1/2024,1/17/2024,5:50 PM,7:15 AM+1,Turkish Airlines,19 hr 25 min,1 stop,5793 kg CO2,+27% emissions,$6303,round trip,Adolfo Suárez Madrid–Barajas Airport,José Martí international Airport
other_departing_flights,Premium economy,1/1/2024,1/17/2024,8:05 AM,7:05 PM,Lufthansa Condor,17 hr,1 stop,4489 kg CO2,Avg emissions,$6687,round trip,Adolfo Suárez Madrid–Barajas Airport,José Martí international Airport
other_departing_flights,Premium economy,1/1/2024,1/17/2024,3:10 PM,12:29 AM+1,Air Europa COPA,15 hr 19 min,1 stop,3680 kg CO2,-20% emissions,$9481,round trip,Adolfo Suárez Madrid–Barajas Airport,José Martí international Airport
other_departing_flights,Premium economy,1/1/2024,1/17/2024,3:10 PM,10:15 AM+1,Air Europa COPA,25 hr 5 min,1 stop,3680 kg CO2,-20% emissions,$9481,round trip,Adolfo Suárez Madrid–Barajas Airport,José Martí international Airport
other_departing_flights,Premium economy,1/1/2024,1/17/2024,3:10 PM,12:12 PM+1,Air Europa COPA,27 hr 2 min,1 stop,3680 kg CO2,-20% emissions,$9481,round trip,Adolfo Suárez Madrid–Barajas Airport,José Martí international Airport
other_departing_flights,Premium economy,1/1/2024,1/17/2024,4:15 PM,12:12 PM+1,Air Europa COPA,25 hr 57 min,2 stops,3472 kg CO2,-24% emissions,$10681,round trip,Adolfo Suárez Madrid–Barajas Airport,José Martí international Airport
other_departing_flights,Premium economy,1/1/2024,1/17/2024,11:45 PM,1:30 PM+1,Aeromexico,19 hr 45 min,1 stop,4578 kg CO2,Avg emissions,$16821,round trip,Adolfo Suárez Madrid–Barajas Airport,José Martí international Airport
departing_flights,Premium economy,1/1/2024,1/18/2024,10:55 AM,1:30 PM+1,Aeromexico,32 hr 35 min,1 stop,4578 kg CO2,Avg emissions,$5666,round trip,Adolfo Suárez Madrid–Barajas Airport,José Martí international Airport
departing_flights,Premium economy,1/1/2024,1/18/2024,1:30 PM,1:30 PM+1,Aeromexico,30 hr,1 stop,4787 kg CO2,Avg emissions,$5666,round trip,Adolfo Suárez Madrid–Barajas Airport,José Martí international Airport
departing_flights,Premium economy,1/1/2024,1/18/2024,8:05 AM,7:05 PM,Lufthansa Condor,17 hr,1 stop,4489 kg CO2,Avg emissions,$5760,round trip,Adolfo Suárez Madrid–Barajas Airport,José Martí international Airport
departing_flights,Premium economy,1/1/2024,1/18/2024,3:35 PM,7:45 PM,Air Europa,10 hr 10 min,Nonstop,3116 kg CO2,-32% emissions,$6719,round trip,Adolfo Suárez Madrid–Barajas Airport,José Martí international Airport
departing_flights,Premium economy,1/1/2024,1/18/2024,11:45 PM,1:30 PM+1,Aeromexico,19 hr 45 min,1 stop,4578 kg CO2,Avg emissions,$16821,round trip,Adolfo Suárez Madrid–Barajas Airport,José Martí international Airport
departing_flights,Premium economy,12/28/2023,1/16/2024,11:35 AM,1:30 PM+1,Air France Aeromexico,31 hr 55 min,1 stop,5752 kg CO2,+22% emissions,$8486,round trip,Paris Charles de Gaulle Airport,José Martí international Airport
departing_flights,Premium economy,12/28/2023,1/16/2024,6:40 AM,5:00 PM,Lufthansa Condor,16 hr 20 min,1 stop,4419 kg CO2,-6% emissions,$9908,round trip,Paris Charles de Gaulle Airport,José Martí international Airport
departing_flights,Premium economy,12/28/2023,1/16/2024,7:00 AM,4:35 PM,Iberia,15 hr 35 min,1 stop,4731 kg CO2,Avg emissions,$12840,round trip,Paris Charles de Gaulle Airport,José Martí international Airport
departing_flights,Premium economy,12/28/2023,1/16/2024,1:30 PM,1:30 PM+1,Aeromexico,30 hr,1 stop,4642 kg CO2,Avg emissions,$18159,round trip,Paris Charles de Gaulle Airport,José Martí international Airport
departing_flights,Premium economy,12/28/2023,1/17/2024,6:40 AM,5:00 PM,Lufthansa Condor,16 hr 20 min,1 stop,4419 kg CO2,-6% emissions,$8165,round trip,Paris Charles de Gaulle Airport,José Martí international Airport
departing_flights,Premium economy,12/28/2023,1/17/2024,11:35 AM,1:30 PM+1,Air France Aeromexico,31 hr 55 min,1 stop,5752 kg CO2,+22% emissions,$8486,round trip,Paris Charles de Gaulle Airport,José Martí international Airport
departing_flights,Premium economy,12/28/2023,1/17/2024,7:00 AM,4:35 PM,Iberia,15 hr 35 min,1 stop,4731 kg CO2,Avg emissions,$14231,round trip,Paris Charles de Gaulle Airport,José Martí international Airport
departing_flights,Premium economy,12/28/2023,1/17/2024,1:30 PM,1:30 PM+1,Aeromexico,30 hr,1 stop,4642 kg CO2,Avg emissions,$18159,round trip,Paris Charles de Gaulle Airport,José Martí international Airport
best_departing_flights,Premium economy,12/28/2023,1/18/2024,6:40 AM,5:00 PM,Lufthansa Condor,16 hr 20 min,1 stop,4419 kg CO2,-6% emissions,$7238,round trip,Paris Charles de Gaulle Airport,José Martí international Airport
best_departing_flights,Premium economy,12/28/2023,1/18/2024,9:50 AM,6:25 PM,SWISS Edelweiss Air,14 hr 35 min,1 stop,5215 kg CO2,+10% emissions,$7607,round trip,Paris Charles de Gaulle Airport,José Martí international Airport
best_departing_flights,Premium economy,12/28/2023,1/18/2024,11:35 AM,1:30 PM+1,Air France Aeromexico,31 hr 55 min,1 stop,5752 kg CO2,+22% emissions,$8486,round trip,Paris Charles de Gaulle Airport,José Martí international Airport
other_departing_flights,Premium economy,12/28/2023,1/18/2024,7:25 AM,6:25 PM,SWISS Edelweiss AirOperated by Helvetic,17 hr,1 stop,5227 kg CO2,+11% emissions,$7607,round trip,Paris Charles de Gaulle Airport,José Martí international Airport
other_departing_flights,Premium economy,12/28/2023,1/18/2024,7:05 AM,6:25 PM,Air France SWISS Edelweiss Air,17 hr 20 min,2 stops,5307 kg CO2,+12% emissions,$7666,round trip,Paris Charles de Gaulle Airport,José Martí international Airport
other_departing_flights,Premium economy,12/28/2023,1/18/2024,7:05 AM,6:25 PM,Air France SWISS Edelweiss Air,17 hr 20 min,2 stops,5304 kg CO2,+12% emissions,$7666,round trip,Paris Charles de Gaulle Airport,José Martí international Airport
other_departing_flights,Premium economy,12/28/2023,1/18/2024,6:10 AM,6:25 PM,Lufthansa SWISS Edelweiss AirOperated by Helvetic,18 hr 15 min,2 stops,5399 kg CO2,+14% emissions,$10019,round trip,Paris Charles de Gaulle Airport,José Martí international Airport
other_departing_flights,Premium economy,12/28/2023,1/18/2024,6:40 AM,6:25 PM,Lufthansa SWISS Edelweiss Air,17 hr 45 min,2 stops,5335 kg CO2,+13% emissions,$10034,round trip,Paris Charles de Gaulle Airport,José Martí international Airport
other_departing_flights,Premium economy,12/28/2023,1/18/2024,6:40 AM,6:25 PM,Lufthansa Edelweiss AirSWISSOperated by Lufthansa CityLine,17 hr 45 min,2 stops,5385 kg CO2,+14% emissions,$10034,round trip,Paris Charles de Gaulle Airport,José Martí international Airport
other_departing_flights,Premium economy,12/28/2023,1/18/2024,6:10 AM,6:25 PM,ITA SWISS Edelweiss Air,18 hr 15 min,2 stops,5549 kg CO2,+17% emissions,$10728,round trip,Paris Charles de Gaulle Airport,José Martí international Airport
other_departing_flights,Premium economy,12/28/2023,1/18/2024,7:00 AM,4:35 PM,Iberia,15 hr 35 min,1 stop,4731 kg CO2,Avg emissions,$16088,round trip,Paris Charles de Gaulle Airport,José Martí international Airport
other_departing_flights,Premium economy,12/28/2023,1/18/2024,1:30 PM,1:30 PM+1,Aeromexico,30 hr,1 stop,4642 kg CO2,Avg emissions,$18159,round trip,Paris Charles de Gaulle Airport,José Martí international Airport
departing_flights,Premium economy,12/29/2023,1/16/2024,1:25 PM,1:30 PM+1,Aeromexico,30 hr 5 min,1 stop,4642 kg CO2,Avg emissions,$8485,round trip,Paris Charles de Gaulle Airport,José Martí international Airport
departing_flights,Premium economy,12/29/2023,1/16/2024,11:00 PM,1:30 PM+1,Aeromexico,20 hr 30 min,1 stop,4856 kg CO2,Avg emissions,$8485,round trip,Paris Charles de Gaulle Airport,José Martí international Airport
departing_flights,Premium economy,12/29/2023,1/16/2024,11:35 AM,1:30 PM+1,Air France Aeromexico,31 hr 55 min,1 stop,5752 kg CO2,+22% emissions,$8486,round trip,Paris Charles de Gaulle Airport,José Martí international Airport
departing_flights,Premium economy,12/29/2023,1/16/2024,6:00 PM,1:30 PM+1,Air France Aeromexico,25 hr 30 min,2 stops,4625 kg CO2,Avg emissions,$8556,round trip,Paris Charles de Gaulle Airport,José Martí international Airport
departing_flights,Premium economy,12/29/2023,1/16/2024,4:10 PM,1:30 PM+1,Air France Aeromexico,27 hr 20 min,2 stops,4625 kg CO2,Avg emissions,$18230,round trip,Paris Charles de Gaulle Airport,José Martí international Airport
departing_flights,Premium economy,12/29/2023,1/17/2024,1:25 PM,1:30 PM+1,Aeromexico,30 hr 5 min,1 stop,4642 kg CO2,Avg emissions,$8485,round trip,Paris Charles de Gaulle Airport,José Martí international Airport
departing_flights,Premium economy,12/29/2023,1/17/2024,11:00 PM,1:30 PM+1,Aeromexico,20 hr 30 min,1 stop,4856 kg CO2,Avg emissions,$8485,round trip,Paris Charles de Gaulle Airport,José Martí international Airport
departing_flights,Premium economy,12/29/2023,1/17/2024,11:35 AM,1:30 PM+1,Air France Aeromexico,31 hr 55 min,1 stop,5752 kg CO2,+22% emissions,$8486,round trip,Paris Charles de Gaulle Airport,José Martí international Airport
departing_flights,Premium economy,12/29/2023,1/17/2024,6:00 PM,1:30 PM+1,Air France Aeromexico,25 hr 30 min,2 stops,4625 kg CO2,Avg emissions,$8556,round trip,Paris Charles de Gaulle Airport,José Martí international Airport
departing_flights,Premium economy,12/29/2023,1/17/2024,8:55 PM,7:45 PM+1,Air France Air Europa,28 hr 50 min,1 stop,3374 kg CO2,-29% emissions,$9013,round trip,Paris Charles de Gaulle Airport,José Martí international Airport
departing_flights,Premium economy,12/29/2023,1/17/2024,3:10 PM,7:45 PM+1,Air France Air Europa,34 hr 35 min,1 stop,3361 kg CO2,-29% emissions,$10447,round trip,Paris Charles de Gaulle Airport,José Martí international Airport
departing_flights,Premium economy,12/29/2023,1/17/2024,4:10 PM,1:30 PM+1,Air France Aeromexico,27 hr 20 min,2 stops,4625 kg CO2,Avg emissions,$18230,round trip,Paris Charles de Gaulle Airport,José Martí international Airport
departing_flights,Premium economy,12/29/2023,1/18/2024,1:25 PM,1:30 PM+1,Aeromexico,30 hr 5 min,1 stop,4642 kg CO2,Avg emissions,$8485,round trip,Paris Charles de Gaulle Airport,José Martí international Airport
departing_flights,Premium economy,12/29/2023,1/18/2024,11:00 PM,1:30 PM+1,Aeromexico,20 hr 30 min,1 stop,4856 kg CO2,Avg emissions,$8485,round trip,Paris Charles de Gaulle Airport,José Martí international Airport
departing_flights,Premium economy,12/29/2023,1/18/2024,11:35 AM,1:30 PM+1,Air France Aeromexico,31 hr 55 min,1 stop,5752 kg CO2,+22% emissions,$8486,round trip,Paris Charles de Gaulle Airport,José Martí international Airport
departing_flights,Premium economy,12/29/2023,1/18/2024,6:00 PM,1:30 PM+1,Air France Aeromexico,25 hr 30 min,2 stops,4625 kg CO2,Avg emissions,$8556,round trip,Paris Charles de Gaulle Airport,José Martí international Airport
departing_flights,Premium economy,12/29/2023,1/18/2024,4:10 PM,1:30 PM+1,Air France Aeromexico,27 hr 20 min,2 stops,4625 kg CO2,Avg emissions,$18230,round trip,Paris Charles de Gaulle Airport,José Martí international Airport
departing_flights,Premium economy,12/30/2023,1/16/2024,6:50 PM,7:45 PM+1,Turkish Airlines Air Europa,30 hr 55 min,2 stops,5883 kg CO2,+24% emissions,$7902,round trip,Paris Charles de Gaulle Airport,José Martí international Airport
departing_flights,Premium economy,12/30/2023,1/16/2024,1:30 PM,1:30 PM+1,Aeromexico,30 hr,1 stop,4642 kg CO2,Avg emissions,$8485,round trip,Paris Charles de Gaulle Airport,José Martí international Airport
departing_flights,Premium economy,12/30/2023,1/16/2024,11:00 PM,1:30 PM+1,Aeromexico,20 hr 30 min,1 stop,4642 kg CO2,Avg emissions,$8485,round trip,Paris Charles de Gaulle Airport,José Martí international Airport
departing_flights,Premium economy,12/30/2023,1/16/2024,11:35 AM,1:30 PM+1,Air France Aeromexico,31 hr 55 min,1 stop,5752 kg CO2,+22% emissions,$8486,round trip,Paris Charles de Gaulle Airport,José Martí international Airport
departing_flights,Premium economy,12/30/2023,1/16/2024,6:50 PM,7:45 PM+1,Turkish Airlines Air Europa,30 hr 55 min,2 stops,5007 kg CO2,+6% emissions,$9330,round trip,Paris Charles de Gaulle Airport,José Martí international Airport
departing_flights,Premium economy,12/30/2023,1/16/2024,7:00 AM,9:34 PM,Iberia COPA,20 hr 34 min,2 stops,5563 kg CO2,+18% emissions,$10751,round trip,Paris Charles de Gaulle Airport,José Martí international Airport
departing_flights,Premium economy,12/30/2023,1/16/2024,7:00 AM,12:14 AM+1,Iberia COPA,23 hr 14 min,2 stops,5494 kg CO2,+16% emissions,$10751,round trip,Paris Charles de Gaulle Airport,José Martí international Airport
departing_flights,Premium economy,12/30/2023,1/16/2024,4:10 PM,1:30 PM+1,Air France Aeromexico,27 hr 20 min,2 stops,4625 kg CO2,Avg emissions,$18230,round trip,Paris Charles de Gaulle Airport,José Martí international Airport
best_departing_flights,Premium economy,12/30/2023,1/17/2024,11:00 PM,1:30 PM+1,Aeromexico,20 hr 30 min,1 stop,4642 kg CO2,Avg emissions,$8485,round trip,Paris Charles de Gaulle Airport,José Martí international Airport
best_departing_flights,Premium economy,12/30/2023,1/17/2024,9:25 AM,7:45 PM,Air France Air Europa,16 hr 20 min,1 stop,3361 kg CO2,-29% emissions,$8992,round trip,Paris Charles de Gaulle Airport,José Martí international Airport
other_departing_flights,Premium economy,12/30/2023,1/17/2024,6:50 PM,7:45 PM+1,Turkish Airlines Air Europa,30 hr 55 min,2 stops,5883 kg CO2,+24% emissions,$7902,round trip,Paris Charles de Gaulle Airport,José Martí international Airport
other_departing_flights,Premium economy,12/30/2023,1/17/2024,1:30 PM,1:30 PM+1,Aeromexico,30 hr,1 stop,4642 kg CO2,Avg emissions,$8485,round trip,Paris Charles de Gaulle Airport,José Martí international Airport
other_departing_flights,Premium economy,12/30/2023,1/17/2024,11:35 AM,1:30 PM+1,Air France Aeromexico,31 hr 55 min,1 stop,5752 kg CO2,+22% emissions,$8486,round trip,Paris Charles de Gaulle Airport,José Martí international Airport
other_departing_flights,Premium economy,12/30/2023,1/17/2024,8:55 PM,7:45 PM+1,Air France Air Europa,28 hr 50 min,1 stop,3398 kg CO2,-28% emissions,$9013,round trip,Paris Charles de Gaulle Airport,José Martí international Airport
other_departing_flights,Premium economy,12/30/2023,1/17/2024,6:50 PM,7:45 PM+1,Turkish Airlines Air Europa,30 hr 55 min,2 stops,5007 kg CO2,+6% emissions,$9330,round trip,Paris Charles de Gaulle Airport,José Martí international Airport
other_departing_flights,Premium economy,12/30/2023,1/17/2024,7:00 AM,9:34 PM,Iberia COPA,20 hr 34 min,2 stops,5563 kg CO2,+18% emissions,$12093,round trip,Paris Charles de Gaulle Airport,José Martí international Airport
other_departing_flights,Premium economy,12/30/2023,1/17/2024,7:00 AM,12:14 AM+1,Iberia COPA,23 hr 14 min,2 stops,5494 kg CO2,+16% emissions,$12093,round trip,Paris Charles de Gaulle Airport,José Martí international Airport
other_departing_flights,Premium economy,12/30/2023,1/17/2024,4:10 PM,1:30 PM+1,Air France Aeromexico,27 hr 20 min,2 stops,4625 kg CO2,Avg emissions,$18230,round trip,Paris Charles de Gaulle Airport,José Martí international Airport
departing_flights,Premium economy,12/30/2023,1/18/2024,1:30 PM,1:30 PM+1,Aeromexico,30 hr,1 stop,4642 kg CO2,Avg emissions,$8485,round trip,Paris Charles de Gaulle Airport,José Martí international Airport
departing_flights,Premium economy,12/30/2023,1/18/2024,11:00 PM,1:30 PM+1,Aeromexico,20 hr 30 min,1 stop,4642 kg CO2,Avg emissions,$8485,round trip,Paris Charles de Gaulle Airport,José Martí international Airport
departing_flights,Premium economy,12/30/2023,1/18/2024,11:35 AM,1:30 PM+1,Air France Aeromexico,31 hr 55 min,1 stop,5752 kg CO2,+22% emissions,$8486,round trip,Paris Charles de Gaulle Airport,José Martí international Airport
departing_flights,Premium economy,12/30/2023,1/18/2024,7:00 AM,9:34 PM,Iberia COPA,20 hr 34 min,2 stops,5563 kg CO2,+18% emissions,$13950,round trip,Paris Charles de Gaulle Airport,José Martí international Airport
departing_flights,Premium economy,12/30/2023,1/18/2024,7:00 AM,12:14 AM+1,Iberia COPA,23 hr 14 min,2 stops,5494 kg CO2,+16% emissions,$13950,round trip,Paris Charles de Gaulle Airport,José Martí international Airport
departing_flights,Premium economy,12/30/2023,1/18/2024,4:10 PM,1:30 PM+1,Air France Aeromexico,27 hr 20 min,2 stops,4625 kg CO2,Avg emissions,$18230,round trip,Paris Charles de Gaulle Airport,José Martí international Airport
departing_flights,Premium economy,12/31/2023,1/16/2024,11:15 AM,7:15 AM+1,Turkish Airlines,26 hr,1 stop,5752 kg CO2,+22% emissions,$5100,round trip,Paris Charles de Gaulle Airport,José Martí international Airport
departing_flights,Premium economy,12/31/2023,1/16/2024,1:45 PM,7:15 AM+1,Turkish Airlines,23 hr 30 min,1 stop,5597 kg CO2,+18% emissions,$5100,round trip,Paris Charles de Gaulle Airport,José Martí international Airport
departing_flights,Premium economy,12/31/2023,1/16/2024,3:25 PM,7:15 AM+1,Turkish Airlines,21 hr 50 min,1 stop,5002 kg CO2,+6% emissions,$5100,round trip,Paris Charles de Gaulle Airport,José Martí international Airport
departing_flights,Premium economy,12/31/2023,1/16/2024,5:15 PM,7:15 AM+1,Turkish Airlines,20 hr,1 stop,5002 kg CO2,+6% emissions,$5100,round trip,Paris Charles de Gaulle Airport,José Martí international Airport
departing_flights,Premium economy,12/31/2023,1/16/2024,6:50 PM,7:15 AM+1,Turkish Airlines,18 hr 25 min,1 stop,5752 kg CO2,+22% emissions,$5100,round trip,Paris Charles de Gaulle Airport,José Martí international Airport
departing_flights,Premium economy,12/31/2023,1/16/2024,7:05 AM,7:15 AM+1,Turkish Airlines,30 hr 10 min,1 stop,5002 kg CO2,+6% emissions,$7013,round trip,Paris Charles de Gaulle Airport,José Martí international Airport
departing_flights,Premium economy,12/31/2023,1/16/2024,1:30 PM,1:30 PM+1,Aeromexico,30 hr,1 stop,4642 kg CO2,Avg emissions,$8485,round trip,Paris Charles de Gaulle Airport,José Martí international Airport
departing_flights,Premium economy,12/31/2023,1/16/2024,11:00 PM,1:30 PM+1,Aeromexico,20 hr 30 min,1 stop,4856 kg CO2,Avg emissions,$8485,round trip,Paris Charles de Gaulle Airport,José Martí international Airport
departing_flights,Premium economy,12/31/2023,1/16/2024,7:10 AM,1:30 PM+1,Air France KLM Aeromexico,36 hr 20 min,2 stops,4866 kg CO2,Avg emissions,$8485,round trip,Paris Charles de Gaulle Airport,José Martí international Airport
departing_flights,Premium economy,12/31/2023,1/16/2024,7:10 AM,1:30 PM+1,Air France Aeromexico,36 hr 20 min,2 stops,5006 kg CO2,+6% emissions,$8485,round trip,Paris Charles de Gaulle Airport,José Martí international Airport
departing_flights,Premium economy,12/31/2023,1/16/2024,8:05 AM,1:30 PM+1,Air France Aeromexico,35 hr 25 min,2 stops,4994 kg CO2,+6% emissions,$8485,round trip,Paris Charles de Gaulle Airport,José Martí international Airport
departing_flights,Premium economy,12/31/2023,1/16/2024,8:05 AM,1:30 PM+1,Air France KLM Aeromexico,35 hr 25 min,2 stops,4854 kg CO2,Avg emissions,$8485,round trip,Paris Charles de Gaulle Airport,José Martí international Airport
departing_flights,Premium economy,12/31/2023,1/16/2024,11:45 AM,1:30 PM+1,Air France Aeromexico,31 hr 45 min,2 stops,5006 kg CO2,+6% emissions,$8485,round trip,Paris Charles de Gaulle Airport,José Martí international Airport
departing_flights,Premium economy,12/31/2023,1/16/2024,11:45 AM,1:30 PM+1,Air France KLM Aeromexico,31 hr 45 min,2 stops,4866 kg CO2,Avg emissions,$8485,round trip,Paris Charles de Gaulle Airport,José Martí international Airport
departing_flights,Premium economy,12/31/2023,1/16/2024,11:35 AM,1:30 PM+1,Air France Aeromexico,31 hr 55 min,1 stop,5752 kg CO2,+22% emissions,$8486,round trip,Paris Charles de Gaulle Airport,José Martí international Airport
departing_flights,Premium economy,12/31/2023,1/16/2024,4:10 PM,1:30 PM+1,Air France Aeromexico,27 hr 20 min,2 stops,4625 kg CO2,Avg emissions,$8556,round trip,Paris Charles de Gaulle Airport,José Martí international Airport
